Z80ASM SuperFast Relocating Macro Assembler     	    Z80ASM 1.32 Page   1
CPM22   Z80

    1                   	.Z80
    2                   ;**************************************************************
    3                   ;*
    4                   ;*             C P / M   version   2 . 2
    5                   ;*
    6                   ;*   Reconstructed from memory image on February 27, 1981
    7                   ;*
    8                   ;*                by Clark A. Calkins
    9                   ;*
   10                   ;**************************************************************
   11                   ;
   12                   ; 26.07.26 *dg*	BDOSDRV corrected that causes a BDOS offset
   13                   ;		of 2 bytes.
   14                   ;		Replaced empty BIOS jump table EQU for BIOS
   15                   ;		functions. The CPM file has now the correct
   16                   ;               length.
   17                   ; 22.08.26 *dg* Input buffer and copyright message corrected.
   18                   ;               Space for auto command.
   19                   ;
   20                   ;**************************************************************
   21                   
   22         0000      FALSE	EQU 0
   23         FFFF      TRUE	EQU NOT FALSE
   24                   
   25         0000      DG01	EQU FALSE
   26                   
   27                   ;
   28                   ; Set memory limit here. This is the amount of contigeous
   29                   ; ram starting from 0000. CP/M will reside at the end of this space.
   30                   ; Origin D400H
   31                   ;
   32         0003      IOBYTE:	EQU	3		;i/o definition byte.
   33         0004      TDRIVE:	EQU	4		;current drive name and user number.
   34         0005      ENTRY:	EQU	5		;entry point for the cp/m bdos.
   35         005C      TFCB:	EQU	5CH			;default file control block.
   36         0080      TBUFF:	EQU	80H		;i/o buffer and command line storage.
   37         0100      TBASE:	EQU	100H		;transiant program storage area.
   38                   ;
   39                   ;   Set control character equates.
   40                   ;
   41         0003      CNTRLC:	EQU	3		;control-c
   42         0005      CNTRLE:	EQU	05H		;control-e
   43         0008      BS:	EQU	08H		;backspace
   44         0009      TAB:	EQU	09H		;tab
   45         000A      LF:	EQU	0AH		;line feed
   46         000C      FF:	EQU	0CH		;form feed
   47         000D      CR:	EQU	0DH		;carriage return
   48         0010      CNTRLP:	EQU	10H		;control-p
   49         0012      CNTRLR:	EQU	12H		;control-r
   50         0013      CNTRLS:	EQU	13H		;control-s
   51         0015      CNTRLU:	EQU	15H		;control-u
   52         0018      CNTRLX:	EQU	18H		;control-x
   53         001A      CNTRLZ:	EQU	1AH		;control-z (end-of-file mark)
   54         007F      DEL:	EQU	7FH		;rubout
   55                   
   56                   ;
   57                   ;   Set origin for CP/M
   58                   ;
Z80ASM SuperFast Relocating Macro Assembler     	    Z80ASM 1.32 Page   2
CPM22   Z80

   59                   ;CPM	EQU 	0D400H
   60         CC00      CPM	EQU 	0CC00H
   61         E200      BIOS	EQU	CPM + 1600H
   62                   
   63                   ; ------------------------------------------------
   64                   ; BIOS entry points
   65                   
   66         E200      BOOT	EQU	BIOS + 00h
   67         E203      WBOOT	EQU	BIOS + 03h
   68         E206      CONST	EQU	BIOS + 06h
   69         E209      CONIN	EQU	BIOS + 09h
   70         E20C      CONOUT	EQU	BIOS + 0Ch
   71         E20F      LIST	EQU	BIOS + 0Fh
   72         E212      PUNCH	EQU	BIOS + 12h
   73         E215      READER	EQU	BIOS + 15h
   74         E218      HOME	EQU	BIOS + 18h
   75         E21B      SELDSK	EQU	BIOS + 1Bh
   76         E21E      SETTRK	EQU	BIOS + 1Eh
   77         E221      SETSEC	EQU	BIOS + 21h
   78         E224      SETDMA	EQU	BIOS + 24h
   79         E227      READ	EQU	BIOS + 27h
   80         E22A      WRITE	EQU	BIOS + 2Ah
   81         E22D      PRSTAT	EQU	BIOS + 2Dh
   82         E230      SECTRN	EQU	BIOS + 30h
   83                    
   84                   ; ------------------------------------------------
   85                   
   86         CC00      	ORG CPM
   87                   
   88 CC00  C3 CF5C     CBASE:	JP	COMMAND		;execute command processor (ccp).
   89 CC03  C3 CF58     	JP	CLEARBUF	;entry to empty input buffer before starting ccp.
   90                   
   91                   ;  Standard cp/m ccp input buffer. Format is (max length),
   92                   ; (actual length), (char #1), (char #2), (char #3), etc.
   93                   ;
   94 CC06  7F          INBUFF:	DB	127		;length of input buffer.
   95 CC07  00          	DB	0		;current length of contents.
   96 CC08  20 20 20 20 	DEFM	"                "	; space for auto command
   97 CC18  43 4F 50 59 	DEFM	"COPYRIGHT (C)"
   98 CC25  31 39 37 39 	DEFM	"1979, DIGITAL RESEARCH   "
   99         FFFF      	IF NOT DG01
  100 CC3E  00 00 00 00 	DB	0,0,0,0,0,0,0,0,0,0,0,0,0,0,0,0,0,0,0,0,0,0,0
  101 CC55  00 00 00 00 	DB	0,0,0,0,0,0,0,0,0,0,0,0,0,0,0,0,0,0,0,0,0,0,0
  102 CC6C  00 00 00 00 	DB	0,0,0,0,0,0,0,0,0,0,0,0,0,0,0,0,0,0,0,0,0,0,0
  103 CC83  00 00 00 00 	DB	0,0,0,0,0
  104                   	ELSE
  106                   	ENDIF
  107 CC88  CC08        INPOINT:DW	INBUFF+2	;input line pointer
  108 CC8A  0000        NAMEPNT:DW	0		;input line pointer used for error message. Points to
  109                   ;			;start of name in error.
  110                   ;
  111                   ;   Routine to print (A) on the console. All registers used.
  112                   ;
  113 CC8C  5F          PRINT:	LD	E,A		;setup bdos call.
  114 CC8D  0E 02       	LD	C,2
  115 CC8F  C3 0005     	JP	ENTRY
  116                   ;
  117                   ;   Routine to print (A) on the console and to save (BC).
Z80ASM SuperFast Relocating Macro Assembler     	    Z80ASM 1.32 Page   3
CPM22   Z80

  118                   ;
  119 CC92  C5          PRINTB:	PUSH	BC
  120 CC93  CD CC8C     	CALL	PRINT
  121 CC96  C1          	POP	BC
  122 CC97  C9          	RET	
  123                   ;
  124                   ;   Routine to send a carriage return, line feed combination
  125                   ; to the console.
  126                   ;
  127 CC98  3E 0D       CRLF:	LD	A,CR
  128 CC9A  CD CC92     	CALL	PRINTB
  129 CC9D  3E 0A       	LD	A,LF
  130 CC9F  C3 CC92     	JP	PRINTB
  131                   ;
  132                   ;   Routine to send one space to the console and save (BC).
  133                   ;
  134 CCA2  3E 20       SPACE:	LD	A,' '
  135 CCA4  C3 CC92     	JP	PRINTB
  136                   ;
  137                   ;   Routine to print character string pointed to be (BC) on the
  138                   ; console. It must terminate with a null byte.
  139                   ;
  140 CCA7  C5          PLINE:	PUSH	BC
  141 CCA8  CD CC98     	CALL	CRLF
  142 CCAB  E1          	POP	HL
  143 CCAC  7E          PLINE2:	LD	A,(HL)
  144 CCAD  B7          	OR	A
  145 CCAE  C8          	RET	Z
  146 CCAF  23          	INC	HL
  147 CCB0  E5          	PUSH	HL
  148 CCB1  CD CC8C     	CALL	PRINT
  149 CCB4  E1          	POP	HL
  150 CCB5  C3 CCAC     	JP	PLINE2
  151                   ;
  152                   ;   Routine to reset the disk system.
  153                   ;
  154 CCB8  0E 0D       RESDSK:	LD	C,13
  155 CCBA  C3 0005     	JP	ENTRY
  156                   ;
  157                   ;   Routine to select disk (A).
  158                   ;
  159 CCBD  5F          DSKSEL:	LD	E,A
  160 CCBE  0E 0E       	LD	C,14
  161 CCC0  C3 0005     	JP	ENTRY
  162                   ;
  163                   ;   Routine to call bdos and save the return code. The zero
  164                   ; flag is set on a return of 0ffh.
  165                   ;
  166 CCC3  CD 0005     ENTRY1:	CALL	ENTRY
  167 CCC6  32 D3EE     	LD	(RTNCODE),A	;save return code.
  168 CCC9  3C          	INC	A		;set zero if 0ffh returned.
  169 CCCA  C9          	RET	
  170                   ;
  171                   ;   Routine to open a file. (DE) must point to the FCB.
  172                   ;
  173 CCCB  0E 0F       OPEN:	LD	C,15
  174 CCCD  C3 CCC3     	JP	ENTRY1
  175                   ;
Z80ASM SuperFast Relocating Macro Assembler     	    Z80ASM 1.32 Page   4
CPM22   Z80

  176                   ;   Routine to open file at (FCB).
  177                   ;
  178 CCD0  AF          OPENFCB:XOR	A		;clear the record number byte at fcb+32
  179 CCD1  32 D3ED     	LD	(FCB+32),A
  180 CCD4  11 D3CD     	LD	DE,FCB
  181 CCD7  C3 CCCB     	JP	OPEN
  182                   ;
  183                   ;   Routine to close a file. (DE) points to FCB.
  184                   ;
  185 CCDA  0E 10       CLOSE:	LD	C,16
  186 CCDC  C3 CCC3     	JP	ENTRY1
  187                   ;
  188                   ;   Routine to search for the first file with ambigueous name
  189                   ; (DE).
  190                   ;
  191 CCDF  0E 11       SRCHFST:LD	C,17
  192 CCE1  C3 CCC3     	JP	ENTRY1
  193                   ;
  194                   ;   Search for the next ambigeous file name.
  195                   ;
  196 CCE4  0E 12       SRCHNXT:LD	C,18
  197 CCE6  C3 CCC3     	JP	ENTRY1
  198                   ;
  199                   ;   Search for file at (FCB).
  200                   ;
  201 CCE9  11 D3CD     SRCHFCB:LD	DE,FCB
  202 CCEC  C3 CCDF     	JP	SRCHFST
  203                   ;
  204                   ;   Routine to delete a file pointed to by (DE).
  205                   ;
  206 CCEF  0E 13       DELETE:	LD	C,19
  207 CCF1  C3 0005     	JP	ENTRY
  208                   ;
  209                   ;   Routine to call the bdos and set the zero flag if a zero
  210                   ; status is returned.
  211                   ;
  212 CCF4  CD 0005     ENTRY2:	CALL	ENTRY
  213 CCF7  B7          	OR	A		;set zero flag if appropriate.
  214 CCF8  C9          	RET	
  215                   ;
  216                   ;   Routine to read the next record from a sequential file.
  217                   ; (DE) points to the FCB.
  218                   ;
  219 CCF9  0E 14       RDREC:	LD	C,20
  220 CCFB  C3 CCF4     	JP	ENTRY2
  221                   ;
  222                   ;   Routine to read file at (FCB).
  223                   ;
  224 CCFE  11 D3CD     READFCB:LD	DE,FCB
  225 CD01  C3 CCF9     	JP	RDREC
  226                   ;
  227                   ;   Routine to write the next record of a sequential file.
  228                   ; (DE) points to the FCB.
  229                   ;
  230 CD04  0E 15       WRTREC:	LD	C,21
  231 CD06  C3 CCF4     	JP	ENTRY2
  232                   ;
  233                   ;   Routine to create the file pointed to by (DE).
Z80ASM SuperFast Relocating Macro Assembler     	    Z80ASM 1.32 Page   5
CPM22   Z80

  234                   ;
  235 CD09  0E 16       CREATE:	LD	C,22
  236 CD0B  C3 CCC3     	JP	ENTRY1
  237                   ;
  238                   ;   Routine to rename the file pointed to by (DE). Note that
  239                   ; the new name starts at (DE+16).
  240                   ;
  241 CD0E  0E 17       RENAM:	LD	C,23
  242 CD10  C3 0005     	JP	ENTRY
  243                   ;
  244                   ;   Get the current user code.
  245                   ;
  246 CD13  1E FF       GETUSR:	LD	E,0FFH
  247                   ;
  248                   ;   Routne to get or set the current user code.
  249                   ; If (E) is FF then this is a GET, else it is a SET.
  250                   ;
  251 CD15  0E 20       GETSETUC: LD	C,32
  252 CD17  C3 0005     	JP	ENTRY
  253                   ;
  254                   ;   Routine to set the current drive byte at (TDRIVE).
  255                   ;
  256 CD1A  CD CD13     SETCDRV:CALL	GETUSR		;get user number
  257 CD1D  87          	ADD	A,A		;and shift into the upper 4 bits.
  258 CD1E  87          	ADD	A,A
  259 CD1F  87          	ADD	A,A
  260 CD20  87          	ADD	A,A
  261 CD21  21 D3EF     	LD	HL,CDRIVE	;now add in the current drive number.
  262 CD24  B6          	OR	(HL)
  263 CD25  32 0004     	LD	(TDRIVE),A	;and save.
  264 CD28  C9          	RET	
  265                   ;
  266                   ;   Move currently active drive down to (TDRIVE).
  267                   ;
  268 CD29  3A D3EF     MOVECD:	LD	A,(CDRIVE)
  269 CD2C  32 0004     	LD	(TDRIVE),A
  270 CD2F  C9          	RET	
  271                   ;
  272                   ;   Routine to convert (A) into upper case ascii. Only letters
  273                   ; are affected.
  274                   ;
  275 CD30  FE 61       UPPER:	CP	'a'		;check for letters in the range of 'a' to 'z'.
  276 CD32  D8          	RET	C
  277 CD33  FE 7B       	CP	'{'
  278 CD35  D0          	RET	NC
  279 CD36  E6 5F       	AND	5FH		;convert it if found.
  280 CD38  C9          	RET	
  281                   ;
  282                   ;   Routine to get a line of input. We must check to see if the
  283                   ; user is in (BATCH) mode. If so, then read the input from file
  284                   ; ($$$.SUB). At the end, reset to console input.
  285                   ;
  286 CD39  3A D3AB     GETINP:	LD	A,(BATCH)	;if =0, then use console input.
  287 CD3C  B7          	OR	A
  288 CD3D  CA CD96     	JP	Z,GETINP1
  289                   ;
  290                   ;   Use the submit file ($$$.sub) which is prepared by a
  291                   ; SUBMIT run. It must be on drive (A) and it will be deleted
Z80ASM SuperFast Relocating Macro Assembler     	    Z80ASM 1.32 Page   6
CPM22   Z80

  292                   ; if and error occures (like eof).
  293                   ;
  294 CD40  3A D3EF     	LD	A,(CDRIVE)	;select drive 0 if need be.
  295 CD43  B7          	OR	A
  296 CD44  3E 00       	LD	A,0		;always use drive A for submit.
  297 CD46  C4 CCBD     	CALL	NZ,DSKSEL	;select it if required.
  298 CD49  11 D3AC     	LD	DE,BATCHFCB
  299 CD4C  CD CCCB     	CALL	OPEN		;look for it.
  300 CD4F  CA CD96     	JP	Z,GETINP1	;if not there, use normal input.
  301 CD52  3A D3BB     	LD	A,(BATCHFCB+15)	;get last record number+1.
  302 CD55  3D          	DEC	A
  303 CD56  32 D3CC     	LD	(BATCHFCB+32),A
  304 CD59  11 D3AC     	LD	DE,BATCHFCB
  305 CD5C  CD CCF9     	CALL	RDREC		;read last record.
  306 CD5F  C2 CD96     	JP	NZ,GETINP1	;quit on end of file.
  307                   ;
  308                   ;   Move this record into input buffer.
  309                   ;
  310 CD62  11 CC07     	LD	DE,INBUFF+1
  311 CD65  21 0080     	LD	HL,TBUFF	;data was read into buffer here.
  312 CD68  06 80       	LD	B,128		;all 128 characters may be used.
  313 CD6A  CD D042     	CALL	HL2DE		;(HL) to (DE), (B) bytes.
  314 CD6D  21 D3BA     	LD	HL,BATCHFCB+14
  315 CD70  36 00       	LD	(HL),0		;zero out the 's2' byte.
  316 CD72  23          	INC	HL		;and decrement the record count.
  317 CD73  35          	DEC	(HL)
  318 CD74  11 D3AC     	LD	DE,BATCHFCB	;close the batch file now.
  319 CD77  CD CCDA     	CALL	CLOSE
  320 CD7A  CA CD96     	JP	Z,GETINP1	;quit on an error.
  321 CD7D  3A D3EF     	LD	A,(CDRIVE)	;re-select previous drive if need be.
  322 CD80  B7          	OR	A
  323 CD81  C4 CCBD     	CALL	NZ,DSKSEL	;don't do needless selects.
  324                   ;
  325                   ;   Print line just read on console.
  326                   ;
  327 CD84  21 CC08     	LD	HL,INBUFF+2
  328 CD87  CD CCAC     	CALL	PLINE2
  329 CD8A  CD CDC2     	CALL	CHKCON		;check console, quit on a key.
  330 CD8D  CA CDA7     	JP	Z,GETINP2	;jump if no key is pressed.
  331                   ;
  332                   ;   Terminate the submit job on any keyboard input. Delete this
  333                   ; file such that it is not re-started and jump to normal keyboard
  334                   ; input section.
  335                   ;
  336 CD90  CD CDDD     	CALL	DELBATCH	;delete the batch file.
  337 CD93  C3 CF82     	JP	CMMND1		;and restart command input.
  338                   ;
  339                   ;   Get here for normal keyboard input. Delete the submit file
  340                   ; incase there was one.
  341                   ;
  342 CD96  CD CDDD     GETINP1:CALL	DELBATCH	;delete file ($$$.sub).
  343 CD99  CD CD1A     	CALL	SETCDRV		;reset active disk.
  344 CD9C  0E 0A       	LD	C,10		;get line from console device.
  345 CD9E  11 CC06     	LD	DE,INBUFF
  346 CDA1  CD 0005     	CALL	ENTRY
  347 CDA4  CD CD29     	CALL	MOVECD		;reset current drive (again).
  348                   ;
  349                   ;   Convert input line to upper case.
Z80ASM SuperFast Relocating Macro Assembler     	    Z80ASM 1.32 Page   7
CPM22   Z80

  350                   ;
  351 CDA7  21 CC07     GETINP2:LD	HL,INBUFF+1
  352 CDAA  46          	LD	B,(HL)		;(B)=character counter.
  353 CDAB  23          GETINP3:INC	HL
  354 CDAC  78          	LD	A,B		;end of the line?
  355 CDAD  B7          	OR	A
  356 CDAE  CA CDBA     	JP	Z,GETINP4
  357 CDB1  7E          	LD	A,(HL)		;convert to upper case.
  358 CDB2  CD CD30     	CALL	UPPER
  359 CDB5  77          	LD	(HL),A
  360 CDB6  05          	DEC	B		;adjust character count.
  361 CDB7  C3 CDAB     	JP	GETINP3
  362 CDBA  77          GETINP4:LD	(HL),A		;add trailing null.
  363 CDBB  21 CC08     	LD	HL,INBUFF+2
  364 CDBE  22 CC88     	LD	(INPOINT),HL	;reset input line pointer.
  365 CDC1  C9          	RET	
  366                   ;
  367                   ;   Routine to check the console for a key pressed. The zero
  368                   ; flag is set is none, else the character is returned in (A).
  369                   ;
  370 CDC2  0E 0B       CHKCON:	LD	C,11		;check console.
  371 CDC4  CD 0005     	CALL	ENTRY
  372 CDC7  B7          	OR	A
  373 CDC8  C8          	RET	Z		;return if nothing.
  374 CDC9  0E 01       	LD	C,1		;else get character.
  375 CDCB  CD 0005     	CALL	ENTRY
  376 CDCE  B7          	OR	A		;clear zero flag and return.
  377 CDCF  C9          	RET	
  378                   ;
  379                   ;   Routine to get the currently active drive number.
  380                   ;
  381 CDD0  0E 19       GETDSK:	LD	C,25
  382 CDD2  C3 0005     	JP	ENTRY
  383                   ;
  384                   ;   Set the stabdard dma address.
  385                   ;
  386 CDD5  11 0080     STDDMA:	LD	DE,TBUFF
  387                   ;
  388                   ;   Routine to set the dma address to (DE).
  389                   ;
  390 CDD8  0E 1A       DMASET:	LD	C,26
  391 CDDA  C3 0005     	JP	ENTRY
  392                   ;
  393                   ;  Delete the batch file created by SUBMIT.
  394                   ;
  395 CDDD  21 D3AB     DELBATCH: LD	HL,BATCH	;is batch active?
  396 CDE0  7E          	LD	A,(HL)
  397 CDE1  B7          	OR	A
  398 CDE2  C8          	RET	Z
  399 CDE3  36 00       	LD	(HL),0		;yes, de-activate it.
  400 CDE5  AF          	XOR	A
  401 CDE6  CD CCBD     	CALL	DSKSEL		;select drive 0 for sure.
  402 CDE9  11 D3AC     	LD	DE,BATCHFCB	;and delete this file.
  403 CDEC  CD CCEF     	CALL	DELETE
  404 CDEF  3A D3EF     	LD	A,(CDRIVE)	;reset current drive.
  405 CDF2  C3 CCBD     	JP	DSKSEL
  406                   ;
  407                   ;   Check to two strings at (PATTRN1) and (PATTRN2). They must be
Z80ASM SuperFast Relocating Macro Assembler     	    Z80ASM 1.32 Page   8
CPM22   Z80

  408                   ; the same or we halt....
  409                   ;
  410 CDF5  11 CF28     VERIFY:	LD	DE,PATTRN1	;these are the serial number bytes.
  411 CDF8  21 D400     	LD	HL,PATTRN2	;ditto, but how could they be different?
  412 CDFB  06 06       	LD	B,6		;6 bytes each.
  413 CDFD  1A          VERIFY1:LD	A,(DE)
  414 CDFE  BE          	CP	(HL)
  415 CDFF  C2 CFCF     	JP	NZ,HALT		;jump to halt routine.
  416 CE02  13          	INC	DE
  417 CE03  23          	INC	HL
  418 CE04  05          	DEC	B
  419 CE05  C2 CDFD     	JP	NZ,VERIFY1
  420 CE08  C9          	RET	
  421                   ;
  422                   ;   Print back file name with a '?' to indicate a syntax error.
  423                   ;
  424 CE09  CD CC98     SYNERR:	CALL	CRLF		;end current line.
  425 CE0C  2A CC8A     	LD	HL,(NAMEPNT)	;this points to name in error.
  426 CE0F  7E          SYNERR1:LD	A,(HL)		;print it until a space or null is found.
  427 CE10  FE 20       	CP	' '
  428 CE12  CA CE22     	JP	Z,SYNERR2
  429 CE15  B7          	OR	A
  430 CE16  CA CE22     	JP	Z,SYNERR2
  431 CE19  E5          	PUSH	HL
  432 CE1A  CD CC8C     	CALL	PRINT
  433 CE1D  E1          	POP	HL
  434 CE1E  23          	INC	HL
  435 CE1F  C3 CE0F     	JP	SYNERR1
  436 CE22  3E 3F       SYNERR2:LD	A,'?'		;add trailing '?'.
  437 CE24  CD CC8C     	CALL	PRINT
  438 CE27  CD CC98     	CALL	CRLF
  439 CE2A  CD CDDD     	CALL	DELBATCH	;delete any batch file.
  440 CE2D  C3 CF82     	JP	CMMND1		;and restart from console input.
  441                   ;
  442                   ;   Check character at (DE) for legal command input. Note that the
  443                   ; zero flag is set if the character is a delimiter.
  444                   ;
  445 CE30  1A          CHECK:	LD	A,(DE)
  446 CE31  B7          	OR	A
  447 CE32  C8          	RET	Z
  448 CE33  FE 20       	CP	' '		;control characters are not legal here.
  449 CE35  DA CE09     	JP	C,SYNERR
  450 CE38  C8          	RET	Z		;check for valid delimiter.
  451 CE39  FE 3D       	CP	'='
  452 CE3B  C8          	RET	Z
  453 CE3C  FE 5F       	CP	'_'
  454 CE3E  C8          	RET	Z
  455 CE3F  FE 2E       	CP	'.'
  456 CE41  C8          	RET	Z
  457 CE42  FE 3A       	CP	03Ah	;':'
  458 CE44  C8          	RET	Z
  459 CE45  FE 3B       	CP	03BH ; ';'
  460 CE47  C8          	RET	Z
  461 CE48  FE 3C       	CP	'<'
  462 CE4A  C8          	RET	Z
  463 CE4B  FE 3E       	CP	'>'
  464 CE4D  C8          	RET	Z
  465 CE4E  C9          	RET	
Z80ASM SuperFast Relocating Macro Assembler     	    Z80ASM 1.32 Page   9
CPM22   Z80

  466                   ;
  467                   ;   Get the next non-blank character from (DE).
  468                   ;
  469 CE4F  1A          NONBLANK: LD	A,(DE)
  470 CE50  B7          	OR	A		;string ends with a null.
  471 CE51  C8          	RET	Z
  472 CE52  FE 20       	CP	' '
  473 CE54  C0          	RET	NZ
  474 CE55  13          	INC	DE
  475 CE56  C3 CE4F     	JP	NONBLANK
  476                   ;
  477                   ;   Add (HL)=(HL)+(A)
  478                   ;
  479 CE59  85          ADDHL:	ADD	A,L
  480 CE5A  6F          	LD	L,A
  481 CE5B  D0          	RET	NC		;take care of any carry.
  482 CE5C  24          	INC	H
  483 CE5D  C9          	RET	
  484                   ;
  485                   ;   Convert the first name in (FCB).
  486                   ;
  487 CE5E  3E 00       CONVFST:LD	A,0
  488                   ;
  489                   ;   Format a file name (convert * to '?', etc.). On return,
  490                   ; (A)=0 is an unambigeous name was specified. Enter with (A) equal to
  491                   ; the position within the fcb for the name (either 0 or 16).
  492                   ;
  493 CE60  21 D3CD     CONVERT:LD	HL,FCB
  494 CE63  CD CE59     	CALL	ADDHL
  495 CE66  E5          	PUSH	HL
  496 CE67  E5          	PUSH	HL
  497 CE68  AF          	XOR	A
  498 CE69  32 D3F0     	LD	(CHGDRV),A	;initialize drive change flag.
  499 CE6C  2A CC88     	LD	HL,(INPOINT)	;set (HL) as pointer into input line.
  500 CE6F  EB          	EX	DE,HL
  501 CE70  CD CE4F     	CALL	NONBLANK	;get next non-blank character.
  502 CE73  EB          	EX	DE,HL
  503 CE74  22 CC8A     	LD	(NAMEPNT),HL	;save pointer here for any error message.
  504 CE77  EB          	EX	DE,HL
  505 CE78  E1          	POP	HL
  506 CE79  1A          	LD	A,(DE)		;get first character.
  507 CE7A  B7          	OR	A
  508 CE7B  CA CE89     	JP	Z,CONVRT1
  509 CE7E  DE 40       	SBC	A,'A'-1		;might be a drive name, convert to binary.
  510 CE80  47          	LD	B,A		;and save.
  511 CE81  13          	INC	DE		;check next character for a ':'.
  512 CE82  1A          	LD	A,(DE)
  513 CE83  FE 3A       	CP	':'
  514 CE85  CA CE90     	JP	Z,CONVRT2
  515 CE88  1B          	DEC	DE		;nope, move pointer back to the start of the line.
  516 CE89  3A D3EF     CONVRT1:LD	A,(CDRIVE)
  517 CE8C  77          	LD	(HL),A
  518 CE8D  C3 CE96     	JP	CONVRT3
  519 CE90  78          CONVRT2:LD	A,B
  520 CE91  32 D3F0     	LD	(CHGDRV),A	;set change in drives flag.
  521 CE94  70          	LD	(HL),B
  522 CE95  13          	INC	DE
  523                   ;
Z80ASM SuperFast Relocating Macro Assembler     	    Z80ASM 1.32 Page  10
CPM22   Z80

  524                   ;   Convert the basic file name.
  525                   ;
  526 CE96  06 08       CONVRT3:LD	B,08H
  527 CE98  CD CE30     CONVRT4:CALL	CHECK
  528 CE9B  CA CEB9     	JP	Z,CONVRT8
  529 CE9E  23          	INC	HL
  530 CE9F  FE 2A       	CP	'*'		;note that an '*' will fill the remaining
  531 CEA1  C2 CEA9     	JP	NZ,CONVRT5	;field with '?'.
  532 CEA4  36 3F       	LD	(HL),'?'
  533 CEA6  C3 CEAB     	JP	CONVRT6
  534 CEA9  77          CONVRT5:LD	(HL),A
  535 CEAA  13          	INC	DE
  536 CEAB  05          CONVRT6:DEC	B
  537 CEAC  C2 CE98     	JP	NZ,CONVRT4
  538 CEAF  CD CE30     CONVRT7:CALL	CHECK		;get next delimiter.
  539 CEB2  CA CEC0     	JP	Z,GETEXT
  540 CEB5  13          	INC	DE
  541 CEB6  C3 CEAF     	JP	CONVRT7
  542 CEB9  23          CONVRT8:INC	HL		;blank fill the file name.
  543 CEBA  36 20       	LD	(HL),' '
  544 CEBC  05          	DEC	B
  545 CEBD  C2 CEB9     	JP	NZ,CONVRT8
  546                   ;
  547                   ;   Get the extension and convert it.
  548                   ;
  549 CEC0  06 03       GETEXT:	LD	B,03H
  550 CEC2  FE 2E       	CP	'.'
  551 CEC4  C2 CEE9     	JP	NZ,GETEXT5
  552 CEC7  13          	INC	DE
  553 CEC8  CD CE30     GETEXT1:CALL	CHECK
  554 CECB  CA CEE9     	JP	Z,GETEXT5
  555 CECE  23          	INC	HL
  556 CECF  FE 2A       	CP	'*'
  557 CED1  C2 CED9     	JP	NZ,GETEXT2
  558 CED4  36 3F       	LD	(HL),'?'
  559 CED6  C3 CEDB     	JP	GETEXT3
  560 CED9  77          GETEXT2:LD	(HL),A
  561 CEDA  13          	INC	DE
  562 CEDB  05          GETEXT3:DEC	B
  563 CEDC  C2 CEC8     	JP	NZ,GETEXT1
  564 CEDF  CD CE30     GETEXT4:CALL	CHECK
  565 CEE2  CA CEF0     	JP	Z,GETEXT6
  566 CEE5  13          	INC	DE
  567 CEE6  C3 CEDF     	JP	GETEXT4
  568 CEE9  23          GETEXT5:INC	HL
  569 CEEA  36 20       	LD	(HL),' '
  570 CEEC  05          	DEC	B
  571 CEED  C2 CEE9     	JP	NZ,GETEXT5
  572 CEF0  06 03       GETEXT6:LD	B,3
  573 CEF2  23          GETEXT7:INC	HL
  574 CEF3  36 00       	LD	(HL),0
  575 CEF5  05          	DEC	B
  576 CEF6  C2 CEF2     	JP	NZ,GETEXT7
  577 CEF9  EB          	EX	DE,HL
  578 CEFA  22 CC88     	LD	(INPOINT),HL	;save input line pointer.
  579 CEFD  E1          	POP	HL
  580                   ;
  581                   ;   Check to see if this is an ambigeous file name specification.
Z80ASM SuperFast Relocating Macro Assembler     	    Z80ASM 1.32 Page  11
CPM22   Z80

  582                   ; Set the (A) register to non zero if it is.
  583                   ;
  584 CEFE  01 000B     	LD	BC,11		;set name length.
  585 CF01  23          GETEXT8:INC	HL
  586 CF02  7E          	LD	A,(HL)
  587 CF03  FE 3F       	CP	'?'		;any question marks?
  588 CF05  C2 CF09     	JP	NZ,GETEXT9
  589 CF08  04          	INC	B		;count them.
  590 CF09  0D          GETEXT9:DEC	C
  591 CF0A  C2 CF01     	JP	NZ,GETEXT8
  592 CF0D  78          	LD	A,B
  593 CF0E  B7          	OR	A
  594 CF0F  C9          	RET	
  595                   ;
  596                   ;   CP/M command table. Note commands can be either 3 or 4 characters long.
  597                   ;
  598         0006      NUMCMDS: EQU	6		;number of commands
  599 CF10  44 49 52 20 CMDTBL:	DEFM	"DIR "
  600 CF14  45 52 41 20 	DEFM	"ERA "
  601 CF18  54 59 50 45 	DEFM	"TYPE"
  602 CF1C  53 41 56 45 	DEFM	"SAVE"
  603 CF20  52 45 4E 20 	DEFM	"REN "
  604 CF24  55 53 45 52 	DEFM	"USER"
  605                   ;
  606                   ;   The following six bytes must agree with those at (PATTRN2)
  607                   ; or cp/m will HALT. Why?
  608                   ;
  609 CF28  00 16 00 00 PATTRN1:DB	0,22,0,0,0,0	;(* serial number bytes *).
  610                   ;
  611                   ;   Search the command table for a match with what has just
  612                   ; been entered. If a match is found, then we jump to the
  613                   ; proper section. Else jump to (UNKNOWN).
  614                   ; On return, the (C) register is set to the command number
  615                   ; that matched (or NUMCMDS+1 if no match).
  616                   ;
  617 CF2E  21 CF10     SEARCH:	LD	HL,CMDTBL
  618 CF31  0E 00       	LD	C,0
  619 CF33  79          SEARCH1:LD	A,C
  620 CF34  FE 06       	CP	NUMCMDS		;this commands exists.
  621 CF36  D0          	RET	NC
  622 CF37  11 D3CE     	LD	DE,FCB+1	;check this one.
  623 CF3A  06 04       	LD	B,4		;max command length.
  624 CF3C  1A          SEARCH2:LD	A,(DE)
  625 CF3D  BE          	CP	(HL)
  626 CF3E  C2 CF4F     	JP	NZ,SEARCH3	;not a match.
  627 CF41  13          	INC	DE
  628 CF42  23          	INC	HL
  629 CF43  05          	DEC	B
  630 CF44  C2 CF3C     	JP	NZ,SEARCH2
  631 CF47  1A          	LD	A,(DE)		;allow a 3 character command to match.
  632 CF48  FE 20       	CP	' '
  633 CF4A  C2 CF54     	JP	NZ,SEARCH4
  634 CF4D  79          	LD	A,C		;set return register for this command.
  635 CF4E  C9          	RET	
  636 CF4F  23          SEARCH3:INC	HL
  637 CF50  05          	DEC	B
  638 CF51  C2 CF4F     	JP	NZ,SEARCH3
  639 CF54  0C          SEARCH4:INC	C
Z80ASM SuperFast Relocating Macro Assembler     	    Z80ASM 1.32 Page  12
CPM22   Z80

  640 CF55  C3 CF33     	JP	SEARCH1
  641                   ;
  642                   ;   Set the input buffer to empty and then start the command
  643                   ; processor (ccp).
  644                   ;
  645 CF58  AF          CLEARBUF: XOR	A
  646 CF59  32 CC07     	LD	(INBUFF+1),A	;second byte is actual length.
  647                   ;
  648                   ;**************************************************************
  649                   ;*
  650                   ;*
  651                   ;* C C P  -   C o n s o l e   C o m m a n d   P r o c e s s o r
  652                   ;*
  653                   ;**************************************************************
  654                   ;*
  655 CF5C  31 D3AB     COMMAND:LD	SP,CCPSTACK	;setup stack area.
  656 CF5F  C5          	PUSH	BC		;note that (C) should be equal to:
  657 CF60  79          	LD	A,C		;(uuuudddd) where 'uuuu' is the user number
  658 CF61  1F          	RRA			;and 'dddd' is the drive number.
  659 CF62  1F          	RRA	
  660 CF63  1F          	RRA	
  661 CF64  1F          	RRA	
  662 CF65  E6 0F       	AND	0FH		;isolate the user number.
  663 CF67  5F          	LD	E,A
  664 CF68  CD CD15     	CALL	GETSETUC	;and set it.
  665 CF6B  CD CCB8     	CALL	RESDSK		;reset the disk system.
  666 CF6E  32 D3AB     	LD	(BATCH),A	;clear batch mode flag.
  667 CF71  C1          	POP	BC
  668 CF72  79          	LD	A,C
  669 CF73  E6 0F       	AND	0FH		;isolate the drive number.
  670 CF75  32 D3EF     	LD	(CDRIVE),A	;and save.
  671 CF78  CD CCBD     	CALL	DSKSEL		;...and select.
  672 CF7B  3A CC07     	LD	A,(INBUFF+1)
  673 CF7E  B7          	OR	A		;anything in input buffer already?
  674 CF7F  C2 CF98     	JP	NZ,CMMND2	;yes, we just process it.
  675                   ;
  676                   ;   Entry point to get a command line from the console.
  677                   ;
  678 CF82  31 D3AB     CMMND1:	LD	SP,CCPSTACK	;set stack straight.
  679 CF85  CD CC98     	CALL	CRLF		;start a new line on the screen.
  680 CF88  CD CDD0     	CALL	GETDSK		;get current drive.
  681 CF8B  C6 41       	ADD	A,'A'
  682 CF8D  CD CC8C     	CALL	PRINT		;print current drive.
  683 CF90  3E 3E       	LD	A,'>'
  684 CF92  CD CC8C     	CALL	PRINT		;and add prompt.
  685 CF95  CD CD39     	CALL	GETINP		;get line from user.
  686                   ;
  687                   ;   Process command line here.
  688                   ;
  689 CF98  11 0080     CMMND2:	LD	DE,TBUFF
  690 CF9B  CD CDD8     	CALL	DMASET		;set standard dma address.
  691 CF9E  CD CDD0     	CALL	GETDSK
  692 CFA1  32 D3EF     	LD	(CDRIVE),A	;set current drive.
  693 CFA4  CD CE5E     	CALL	CONVFST		;convert name typed in.
  694 CFA7  C4 CE09     	CALL	NZ,SYNERR	;wild cards are not allowed.
  695 CFAA  3A D3F0     	LD	A,(CHGDRV)	;if a change in drives was indicated,
  696 CFAD  B7          	OR	A		;then treat this as an unknown command
  697 CFAE  C2 D2A5     	JP	NZ,UNKNOWN	;which gets executed.
Z80ASM SuperFast Relocating Macro Assembler     	    Z80ASM 1.32 Page  13
CPM22   Z80

  698 CFB1  CD CF2E     	CALL	SEARCH		;else search command table for a match.
  699                   ;
  700                   ;   Note that an unknown command returns
  701                   ; with (A) pointing to the last address
  702                   ; in our table which is (UNKNOWN).
  703                   ;
  704 CFB4  21 CFC1     	LD	HL,CMDADR	;now, look thru our address table for command (A).
  705 CFB7  5F          	LD	E,A		;set (DE) to command number.
  706 CFB8  16 00       	LD	D,0
  707 CFBA  19          	ADD	HL,DE
  708 CFBB  19          	ADD	HL,DE		;(HL)=(CMDADR)+2*(command number).
  709 CFBC  7E          	LD	A,(HL)		;now pick out this address.
  710 CFBD  23          	INC	HL
  711 CFBE  66          	LD	H,(HL)
  712 CFBF  6F          	LD	L,A
  713 CFC0  E9          	JP	(HL)		;now execute it.
  714                   ;
  715                   ;   CP/M command address table.
  716                   ;
  717 CFC1  D077  D11F  CMDADR:	DW	DIRECT,ERASE,TYPE,SAVE
  718 CFC9  D210  D28E  	DW	RENAME,USER,UNKNOWN
  719                   ;
  720                   ;   Halt the system. Reason for this is unknown at present.
  721                   ;
  722 CFCF  21 76F3     HALT:	LD	HL,76F3H	;'DI HLT' instructions.
  723 CFD2  22 CC00     	LD	(CBASE),HL
  724 CFD5  21 CC00     	LD	HL,CBASE
  725 CFD8  E9          	JP	(HL)
  726                   ;
  727                   ;   Read error while TYPEing a file.
  728                   ;
  729 CFD9  01 CFDF     RDERROR:LD	BC,RDERR
  730 CFDC  C3 CCA7     	JP	PLINE
  731 CFDF  52 65 61 64 RDERR:	DEFM	"Read error"
  732 CFE9  00          	DB	0
  733                   ;
  734                   ;   Required file was not located.
  735                   ;
  736 CFEA  01 CFF0     NONE:	LD	BC,NOFILE
  737 CFED  C3 CCA7     	JP	PLINE
  738 CFF0  4E 6F 20 66 NOFILE:	DEFM	"No file"
  739 CFF7  00          	DB	0
  740                   ;
  741                   ;   Decode a command of the form 'A>filename number{ filename}.
  742                   ; Note that a drive specifier is not allowed on the first file
  743                   ; name. On return, the number is in register (A). Any error
  744                   ; causes 'filename?' to be printed and the command is aborted.
  745                   ;
  746 CFF8  CD CE5E     DECODE:	CALL	CONVFST		;convert filename.
  747 CFFB  3A D3F0     	LD	A,(CHGDRV)	;do not allow a drive to be specified.
  748 CFFE  B7          	OR	A
  749 CFFF  C2 CE09     	JP	NZ,SYNERR
  750 D002  21 D3CE     	LD	HL,FCB+1	;convert number now.
  751 D005  01 000B     	LD	BC,11		;(B)=sum register, (C)=max digit count.
  752 D008  7E          DECODE1:LD	A,(HL)
  753 D009  FE 20       	CP	' '		;a space terminates the numeral.
  754 D00B  CA D033     	JP	Z,DECODE3
  755 D00E  23          	INC	HL
Z80ASM SuperFast Relocating Macro Assembler     	    Z80ASM 1.32 Page  14
CPM22   Z80

  756 D00F  D6 30       	SUB	'0'		;make binary from ascii.
  757 D011  FE 0A       	CP	10		;legal digit?
  758 D013  D2 CE09     	JP	NC,SYNERR
  759 D016  57          	LD	D,A		;yes, save it in (D).
  760 D017  78          	LD	A,B		;compute (B)=(B)*10 and check for overflow.
  761 D018  E6 E0       	AND	0E0H
  762 D01A  C2 CE09     	JP	NZ,SYNERR
  763 D01D  78          	LD	A,B
  764 D01E  07          	RLCA	
  765 D01F  07          	RLCA	
  766 D020  07          	RLCA			;(A)=(B)*8
  767 D021  80          	ADD	A,B		;.......*9
  768 D022  DA CE09     	JP	C,SYNERR
  769 D025  80          	ADD	A,B		;.......*10
  770 D026  DA CE09     	JP	C,SYNERR
  771 D029  82          	ADD	A,D		;add in new digit now.
  772 D02A  DA CE09     DECODE2:JP	C,SYNERR
  773 D02D  47          	LD	B,A		;and save result.
  774 D02E  0D          	DEC	C		;only look at 11 digits.
  775 D02F  C2 D008     	JP	NZ,DECODE1
  776 D032  C9          	RET	
  777 D033  7E          DECODE3:LD	A,(HL)		;spaces must follow (why?).
  778 D034  FE 20       	CP	' '
  779 D036  C2 CE09     	JP	NZ,SYNERR
  780 D039  23          	INC	HL
  781 D03A  0D          DECODE4:DEC	C
  782 D03B  C2 D033     	JP	NZ,DECODE3
  783 D03E  78          	LD	A,B		;set (A)=the numeric value entered.
  784 D03F  C9          	RET	
  785                   ;
  786                   ;   Move 3 bytes from (HL) to (DE). Note that there is only
  787                   ; one reference to this at (A2D5h).
  788                   ;
  789 D040  06 03       MOVE3:	LD	B,3
  790                   ;
  791                   ;   Move (B) bytes from (HL) to (DE).
  792                   ;
  793 D042  7E          HL2DE:	LD	A,(HL)
  794 D043  12          	LD	(DE),A
  795 D044  23          	INC	HL
  796 D045  13          	INC	DE
  797 D046  05          	DEC	B
  798 D047  C2 D042     	JP	NZ,HL2DE
  799 D04A  C9          	RET	
  800                   ;
  801                   ;   Compute (HL)=(TBUFF)+(A)+(C) and get the byte that's here.
  802                   ;
  803 D04B  21 0080     EXTRACT:LD	HL,TBUFF
  804 D04E  81          	ADD	A,C
  805 D04F  CD CE59     	CALL	ADDHL
  806 D052  7E          	LD	A,(HL)
  807 D053  C9          	RET	
  808                   ;
  809                   ;  Check drive specified. If it means a change, then the new
  810                   ; drive will be selected. In any case, the drive byte of the
  811                   ; fcb will be set to null (means use current drive).
  812                   ;
  813 D054  AF          DSELECT:XOR	A		;null out first byte of fcb.
Z80ASM SuperFast Relocating Macro Assembler     	    Z80ASM 1.32 Page  15
CPM22   Z80

  814 D055  32 D3CD     	LD	(FCB),A
  815 D058  3A D3F0     	LD	A,(CHGDRV)	;a drive change indicated?
  816 D05B  B7          	OR	A
  817 D05C  C8          	RET	Z
  818 D05D  3D          	DEC	A		;yes, is it the same as the current drive?
  819 D05E  21 D3EF     	LD	HL,CDRIVE
  820 D061  BE          	CP	(HL)
  821 D062  C8          	RET	Z
  822 D063  C3 CCBD     	JP	DSKSEL		;no. Select it then.
  823                   ;
  824                   ;   Check the drive selection and reset it to the previous
  825                   ; drive if it was changed for the preceeding command.
  826                   ;
  827 D066  3A D3F0     RESETDR:LD	A,(CHGDRV)	;drive change indicated?
  828 D069  B7          	OR	A
  829 D06A  C8          	RET	Z
  830 D06B  3D          	DEC	A		;yes, was it a different drive?
  831 D06C  21 D3EF     	LD	HL,CDRIVE
  832 D06F  BE          	CP	(HL)
  833 D070  C8          	RET	Z
  834 D071  3A D3EF     	LD	A,(CDRIVE)	;yes, re-select our old drive.
  835 D074  C3 CCBD     	JP	DSKSEL
  836                   ;
  837                   ;**************************************************************
  838                   ;*
  839                   ;*           D I R E C T O R Y   C O M M A N D
  840                   ;*
  841                   ;**************************************************************
  842                   ;
  843 D077  CD CE5E     DIRECT:	CALL	CONVFST		;convert file name.
  844 D07A  CD D054     	CALL	DSELECT		;select indicated drive.
  845 D07D  21 D3CE     	LD	HL,FCB+1	;was any file indicated?
  846 D080  7E          	LD	A,(HL)
  847 D081  FE 20       	CP	' '
  848 D083  C2 D08F     	JP	NZ,DIRECT2
  849 D086  06 0B       	LD	B,11		;no. Fill field with '?' - same as *.*.
  850 D088  36 3F       DIRECT1:LD	(HL),'?'
  851 D08A  23          	INC	HL
  852 D08B  05          	DEC	B
  853 D08C  C2 D088     	JP	NZ,DIRECT1
  854 D08F  1E 00       DIRECT2:LD	E,0		;set initial cursor position.
  855 D091  D5          	PUSH	DE
  856 D092  CD CCE9     	CALL	SRCHFCB		;get first file name.
  857 D095  CC CFEA     	CALL	Z,NONE		;none found at all?
  858 D098  CA D11B     DIRECT3:JP	Z,DIRECT9	;terminate if no more names.
  859 D09B  3A D3EE     	LD	A,(RTNCODE)	;get file's position in segment (0-3).
  860 D09E  0F          	RRCA	
  861 D09F  0F          	RRCA	
  862 D0A0  0F          	RRCA	
  863 D0A1  E6 60       	AND	60H		;(A)=position*32
  864 D0A3  4F          	LD	C,A
  865 D0A4  3E 0A       	LD	A,10
  866 D0A6  CD D04B     	CALL	EXTRACT		;extract the tenth entry in fcb.
  867 D0A9  17          	RLA			;check system file status bit.
  868 D0AA  DA D10F     	JP	C,DIRECT8	;we don't list them.
  869 D0AD  D1          	POP	DE
  870 D0AE  7B          	LD	A,E		;bump name count.
  871 D0AF  1C          	INC	E
Z80ASM SuperFast Relocating Macro Assembler     	    Z80ASM 1.32 Page  16
CPM22   Z80

  872 D0B0  D5          	PUSH	DE
  873 D0B1  E6 03       	AND	03H		;at end of line?
  874 D0B3  F5          	PUSH	AF
  875 D0B4  C2 D0CC     	JP	NZ,DIRECT4
  876 D0B7  CD CC98     	CALL	CRLF		;yes, end this line and start another.
  877 D0BA  C5          	PUSH	BC
  878 D0BB  CD CDD0     	CALL	GETDSK		;start line with ('A:').
  879 D0BE  C1          	POP	BC
  880 D0BF  C6 41       	ADD	A,'A'
  881 D0C1  CD CC92     	CALL	PRINTB
  882 D0C4  3E 3A       	LD	A,':'
  883 D0C6  CD CC92     	CALL	PRINTB
  884 D0C9  C3 D0D4     	JP	DIRECT5
  885 D0CC  CD CCA2     DIRECT4:CALL	SPACE		;add seperator between file names.
  886 D0CF  3E 3A       	LD	A,':'
  887 D0D1  CD CC92     	CALL	PRINTB
  888 D0D4  CD CCA2     DIRECT5:CALL	SPACE
  889 D0D7  06 01       	LD	B,1		;'extract' each file name character at a time.
  890 D0D9  78          DIRECT6:LD	A,B
  891 D0DA  CD D04B     	CALL	EXTRACT
  892 D0DD  E6 7F       	AND	7FH		;strip bit 7 (status bit).
  893 D0DF  FE 20       	CP	' '		;are we at the end of the name?
  894 D0E1  C2 D0F9     	JP	NZ,DRECT65
  895 D0E4  F1          	POP	AF		;yes, don't print spaces at the end of a line.
  896 D0E5  F5          	PUSH	AF
  897 D0E6  FE 03       	CP	3
  898 D0E8  C2 D0F7     	JP	NZ,DRECT63
  899 D0EB  3E 09       	LD	A,9		;first check for no extension.
  900 D0ED  CD D04B     	CALL	EXTRACT
  901 D0F0  E6 7F       	AND	7FH
  902 D0F2  FE 20       	CP	' '
  903 D0F4  CA D10E     	JP	Z,DIRECT7	;don't print spaces.
  904 D0F7  3E 20       DRECT63:LD	A,' '		;else print them.
  905 D0F9  CD CC92     DRECT65:CALL	PRINTB
  906 D0FC  04          	INC	B		;bump to next character psoition.
  907 D0FD  78          	LD	A,B
  908 D0FE  FE 0C       	CP	12		;end of the name?
  909 D100  D2 D10E     	JP	NC,DIRECT7
  910 D103  FE 09       	CP	9		;nope, starting extension?
  911 D105  C2 D0D9     	JP	NZ,DIRECT6
  912 D108  CD CCA2     	CALL	SPACE		;yes, add seperating space.
  913 D10B  C3 D0D9     	JP	DIRECT6
  914 D10E  F1          DIRECT7:POP	AF		;get the next file name.
  915 D10F  CD CDC2     DIRECT8:CALL	CHKCON		;first check console, quit on anything.
  916 D112  C2 D11B     	JP	NZ,DIRECT9
  917 D115  CD CCE4     	CALL	SRCHNXT		;get next name.
  918 D118  C3 D098     	JP	DIRECT3		;and continue with our list.
  919 D11B  D1          DIRECT9:POP	DE		;restore the stack and return to command level.
  920 D11C  C3 D386     	JP	GETBACK
  921                   ;
  922                   ;**************************************************************
  923                   ;*
  924                   ;*                E R A S E   C O M M A N D
  925                   ;*
  926                   ;**************************************************************
  927                   ;
  928 D11F  CD CE5E     ERASE:	CALL	CONVFST		;convert file name.
  929 D122  FE 0B       	CP	11		;was '*.*' entered?
Z80ASM SuperFast Relocating Macro Assembler     	    Z80ASM 1.32 Page  17
CPM22   Z80

  930 D124  C2 D142     	JP	NZ,ERASE1
  931 D127  01 D152     	LD	BC,YESNO	;yes, ask for confirmation.
  932 D12A  CD CCA7     	CALL	PLINE
  933 D12D  CD CD39     	CALL	GETINP
  934 D130  21 CC07     	LD	HL,INBUFF+1
  935 D133  35          	DEC	(HL)		;must be exactly 'y'.
  936 D134  C2 CF82     	JP	NZ,CMMND1
  937 D137  23          	INC	HL
  938 D138  7E          	LD	A,(HL)
  939 D139  FE 59       	CP	'Y'
  940 D13B  C2 CF82     	JP	NZ,CMMND1
  941 D13E  23          	INC	HL
  942 D13F  22 CC88     	LD	(INPOINT),HL	;save input line pointer.
  943 D142  CD D054     ERASE1:	CALL	DSELECT		;select desired disk.
  944 D145  11 D3CD     	LD	DE,FCB
  945 D148  CD CCEF     	CALL	DELETE		;delete the file.
  946 D14B  3C          	INC	A
  947 D14C  CC CFEA     	CALL	Z,NONE		;not there?
  948 D14F  C3 D386     	JP	GETBACK		;return to command level now.
  949 D152  41 6C 6C 20 YESNO:	DEFM	"All (y/n)?"
  950 D15C  00          	DB	0
  951                   ;
  952                   ;**************************************************************
  953                   ;*
  954                   ;*            T Y P E   C O M M A N D
  955                   ;*
  956                   ;**************************************************************
  957                   ;
  958 D15D  CD CE5E     TYPE:	CALL	CONVFST		;convert file name.
  959 D160  C2 CE09     	JP	NZ,SYNERR	;wild cards not allowed.
  960 D163  CD D054     	CALL	DSELECT		;select indicated drive.
  961 D166  CD CCD0     	CALL	OPENFCB		;open the file.
  962 D169  CA D1A7     	JP	Z,TYPE5		;not there?
  963 D16C  CD CC98     	CALL	CRLF		;ok, start a new line on the screen.
  964 D16F  21 D3F1     	LD	HL,NBYTES	;initialize byte counter.
  965 D172  36 FF       	LD	(HL),0FFH	;set to read first sector.
  966 D174  21 D3F1     TYPE1:	LD	HL,NBYTES
  967 D177  7E          TYPE2:	LD	A,(HL)		;have we written the entire sector?
  968 D178  FE 80       	CP	128
  969 D17A  DA D187     	JP	C,TYPE3
  970 D17D  E5          	PUSH	HL		;yes, read in the next one.
  971 D17E  CD CCFE     	CALL	READFCB
  972 D181  E1          	POP	HL
  973 D182  C2 D1A0     	JP	NZ,TYPE4	;end or error?
  974 D185  AF          	XOR	A		;ok, clear byte counter.
  975 D186  77          	LD	(HL),A
  976 D187  34          TYPE3:	INC	(HL)		;count this byte.
  977 D188  21 0080     	LD	HL,TBUFF	;and get the (A)th one from the buffer (TBUFF).
  978 D18B  CD CE59     	CALL	ADDHL
  979 D18E  7E          	LD	A,(HL)
  980 D18F  FE 1A       	CP	CNTRLZ		;end of file mark?
  981 D191  CA D386     	JP	Z,GETBACK
  982 D194  CD CC8C     	CALL	PRINT		;no, print it.
  983 D197  CD CDC2     	CALL	CHKCON		;check console, quit if anything ready.
  984 D19A  C2 D386     	JP	NZ,GETBACK
  985 D19D  C3 D174     	JP	TYPE1
  986                   ;
  987                   ;   Get here on an end of file or read error.
Z80ASM SuperFast Relocating Macro Assembler     	    Z80ASM 1.32 Page  18
CPM22   Z80

  988                   ;
  989 D1A0  3D          TYPE4:	DEC	A		;read error?
  990 D1A1  CA D386     	JP	Z,GETBACK
  991 D1A4  CD CFD9     	CALL	RDERROR		;yes, print message.
  992 D1A7  CD D066     TYPE5:	CALL	RESETDR		;and reset proper drive
  993 D1AA  C3 CE09     	JP	SYNERR		;now print file name with problem.
  994                   ;
  995                   ;**************************************************************
  996                   ;*
  997                   ;*            S A V E   C O M M A N D
  998                   ;*
  999                   ;**************************************************************
 1000                   ;
 1001 D1AD  CD CFF8     SAVE:	CALL	DECODE		;get numeric number that follows SAVE.
 1002 D1B0  F5          	PUSH	AF		;save number of pages to write.
 1003 D1B1  CD CE5E     	CALL	CONVFST		;convert file name.
 1004 D1B4  C2 CE09     	JP	NZ,SYNERR	;wild cards not allowed.
 1005 D1B7  CD D054     	CALL	DSELECT		;select specified drive.
 1006 D1BA  11 D3CD     	LD	DE,FCB		;now delete this file.
 1007 D1BD  D5          	PUSH	DE
 1008 D1BE  CD CCEF     	CALL	DELETE
 1009 D1C1  D1          	POP	DE
 1010 D1C2  CD CD09     	CALL	CREATE		;and create it again.
 1011 D1C5  CA D1FB     	JP	Z,SAVE3		;can't create?
 1012 D1C8  AF          	XOR	A		;clear record number byte.
 1013 D1C9  32 D3ED     	LD	(FCB+32),A
 1014 D1CC  F1          	POP	AF		;convert pages to sectors.
 1015 D1CD  6F          	LD	L,A
 1016 D1CE  26 00       	LD	H,0
 1017 D1D0  29          	ADD	HL,HL		;(HL)=number of sectors to write.
 1018 D1D1  11 0100     	LD	DE,TBASE	;and we start from here.
 1019 D1D4  7C          SAVE1:	LD	A,H		;done yet?
 1020 D1D5  B5          	OR	L
 1021 D1D6  CA D1F1     	JP	Z,SAVE2
 1022 D1D9  2B          	DEC	HL		;nope, count this and compute the start
 1023 D1DA  E5          	PUSH	HL		;of the next 128 byte sector.
 1024 D1DB  21 0080     	LD	HL,128
 1025 D1DE  19          	ADD	HL,DE
 1026 D1DF  E5          	PUSH	HL		;save it and set the transfer address.
 1027 D1E0  CD CDD8     	CALL	DMASET
 1028 D1E3  11 D3CD     	LD	DE,FCB		;write out this sector now.
 1029 D1E6  CD CD04     	CALL	WRTREC
 1030 D1E9  D1          	POP	DE		;reset (DE) to the start of the last sector.
 1031 D1EA  E1          	POP	HL		;restore sector count.
 1032 D1EB  C2 D1FB     	JP	NZ,SAVE3	;write error?
 1033 D1EE  C3 D1D4     	JP	SAVE1
 1034                   ;
 1035                   ;   Get here after writing all of the file.
 1036                   ;
 1037 D1F1  11 D3CD     SAVE2:	LD	DE,FCB		;now close the file.
 1038 D1F4  CD CCDA     	CALL	CLOSE
 1039 D1F7  3C          	INC	A		;did it close ok?
 1040 D1F8  C2 D201     	JP	NZ,SAVE4
 1041                   ;
 1042                   ;   Print out error message (no space).
 1043                   ;
 1044 D1FB  01 D207     SAVE3:	LD	BC,NOSPACE
 1045 D1FE  CD CCA7     	CALL	PLINE
Z80ASM SuperFast Relocating Macro Assembler     	    Z80ASM 1.32 Page  19
CPM22   Z80

 1046 D201  CD CDD5     SAVE4:	CALL	STDDMA		;reset the standard dma address.
 1047 D204  C3 D386     	JP	GETBACK
 1048 D207  4E 6F 20 73 NOSPACE:DEFM	"No space"
 1049 D20F  00          	DB	0
 1050                   ;
 1051                   ;**************************************************************
 1052                   ;*
 1053                   ;*           R E N A M E   C O M M A N D
 1054                   ;*
 1055                   ;**************************************************************
 1056                   ;
 1057 D210  CD CE5E     RENAME:	CALL	CONVFST		;convert first file name.
 1058 D213  C2 CE09     	JP	NZ,SYNERR	;wild cards not allowed.
 1059 D216  3A D3F0     	LD	A,(CHGDRV)	;remember any change in drives specified.
 1060 D219  F5          	PUSH	AF
 1061 D21A  CD D054     	CALL	DSELECT		;and select this drive.
 1062 D21D  CD CCE9     	CALL	SRCHFCB		;is this file present?
 1063 D220  C2 D279     	JP	NZ,RENAME6	;yes, print error message.
 1064 D223  21 D3CD     	LD	HL,FCB		;yes, move this name into second slot.
 1065 D226  11 D3DD     	LD	DE,FCB+16
 1066 D229  06 10       	LD	B,16
 1067 D22B  CD D042     	CALL	HL2DE
 1068 D22E  2A CC88     	LD	HL,(INPOINT)	;get input pointer.
 1069 D231  EB          	EX	DE,HL
 1070 D232  CD CE4F     	CALL	NONBLANK	;get next non blank character.
 1071 D235  FE 3D       	CP	'='		;only allow an '=' or '_' seperator.
 1072 D237  CA D23F     	JP	Z,RENAME1
 1073 D23A  FE 5F       	CP	'_'
 1074 D23C  C2 D273     	JP	NZ,RENAME5
 1075 D23F  EB          RENAME1:EX	DE,HL
 1076 D240  23          	INC	HL		;ok, skip seperator.
 1077 D241  22 CC88     	LD	(INPOINT),HL	;save input line pointer.
 1078 D244  CD CE5E     	CALL	CONVFST		;convert this second file name now.
 1079 D247  C2 D273     	JP	NZ,RENAME5	;again, no wild cards.
 1080 D24A  F1          	POP	AF		;if a drive was specified, then it
 1081 D24B  47          	LD	B,A		;must be the same as before.
 1082 D24C  21 D3F0     	LD	HL,CHGDRV
 1083 D24F  7E          	LD	A,(HL)
 1084 D250  B7          	OR	A
 1085 D251  CA D259     	JP	Z,RENAME2
 1086 D254  B8          	CP	B
 1087 D255  70          	LD	(HL),B
 1088 D256  C2 D273     	JP	NZ,RENAME5	;they were different, error.
 1089 D259  70          RENAME2:LD	(HL),B		;	reset as per the first file specification.
 1090 D25A  AF          	XOR	A
 1091 D25B  32 D3CD     	LD	(FCB),A		;clear the drive byte of the fcb.
 1092 D25E  CD CCE9     RENAME3:CALL	SRCHFCB		;and go look for second file.
 1093 D261  CA D26D     	JP	Z,RENAME4	;doesn't exist?
 1094 D264  11 D3CD     	LD	DE,FCB
 1095 D267  CD CD0E     	CALL	RENAM		;ok, rename the file.
 1096 D26A  C3 D386     	JP	GETBACK
 1097                   ;
 1098                   ;   Process rename errors here.
 1099                   ;
 1100 D26D  CD CFEA     RENAME4:CALL	NONE		;file not there.
 1101 D270  C3 D386     	JP	GETBACK
 1102 D273  CD D066     RENAME5:CALL	RESETDR		;bad command format.
 1103 D276  C3 CE09     	JP	SYNERR
Z80ASM SuperFast Relocating Macro Assembler     	    Z80ASM 1.32 Page  20
CPM22   Z80

 1104 D279  01 D282     RENAME6:LD	BC,EXISTS	;destination file already exists.
 1105 D27C  CD CCA7     	CALL	PLINE
 1106 D27F  C3 D386     	JP	GETBACK
 1107 D282  46 69 6C 65 EXISTS:	DEFM	"File exists"
 1108 D28D  00          	DB	0
 1109                   ;
 1110                   ;**************************************************************
 1111                   ;*
 1112                   ;*             U S E R   C O M M A N D
 1113                   ;*
 1114                   ;**************************************************************
 1115                   ;
 1116 D28E  CD CFF8     USER:	CALL	DECODE		;get numeric value following command.
 1117 D291  FE 10       	CP	16		;legal user number?
 1118 D293  D2 CE09     	JP	NC,SYNERR
 1119 D296  5F          	LD	E,A		;yes but is there anything else?
 1120 D297  3A D3CE     	LD	A,(FCB+1)
 1121 D29A  FE 20       	CP	' '
 1122 D29C  CA CE09     	JP	Z,SYNERR	;yes, that is not allowed.
 1123 D29F  CD CD15     	CALL	GETSETUC	;ok, set user code.
 1124 D2A2  C3 D389     	JP	GETBACK1
 1125                   ;
 1126                   ;**************************************************************
 1127                   ;*
 1128                   ;*        T R A N S I A N T   P R O G R A M   C O M M A N D
 1129                   ;*
 1130                   ;**************************************************************
 1131                   ;
 1132 D2A5  CD CDF5     UNKNOWN:CALL	VERIFY		;check for valid system (why?).
 1133 D2A8  3A D3CE     	LD	A,(FCB+1)	;anything to execute?
 1134 D2AB  FE 20       	CP	' '
 1135 D2AD  C2 D2C4     	JP	NZ,UNKWN1
 1136 D2B0  3A D3F0     	LD	A,(CHGDRV)	;nope, only a drive change?
 1137 D2B3  B7          	OR	A
 1138 D2B4  CA D389     	JP	Z,GETBACK1	;neither???
 1139 D2B7  3D          	DEC	A
 1140 D2B8  32 D3EF     	LD	(CDRIVE),A	;ok, store new drive.
 1141 D2BB  CD CD29     	CALL	MOVECD		;set (TDRIVE) also.
 1142 D2BE  CD CCBD     	CALL	DSKSEL		;and select this drive.
 1143 D2C1  C3 D389     	JP	GETBACK1	;then return.
 1144                   ;
 1145                   ;   Here a file name was typed. Prepare to execute it.
 1146                   ;
 1147 D2C4  11 D3D6     UNKWN1:	LD	DE,FCB+9	;an extension specified?
 1148 D2C7  1A          	LD	A,(DE)
 1149 D2C8  FE 20       	CP	' '
 1150 D2CA  C2 CE09     	JP	NZ,SYNERR	;yes, not allowed.
 1151 D2CD  D5          UNKWN2:	PUSH	DE
 1152 D2CE  CD D054     	CALL	DSELECT		;select specified drive.
 1153 D2D1  D1          	POP	DE
 1154 D2D2  21 D383     	LD	HL,COMFILE	;set the extension to 'COM'.
 1155 D2D5  CD D040     	CALL	MOVE3
 1156 D2D8  CD CCD0     	CALL	OPENFCB		;and open this file.
 1157 D2DB  CA D36B     	JP	Z,UNKWN9	;not present?
 1158                   ;
 1159                   ;   Load in the program.
 1160                   ;
 1161 D2DE  21 0100     	LD	HL,TBASE	;store the program starting here.
Z80ASM SuperFast Relocating Macro Assembler     	    Z80ASM 1.32 Page  21
CPM22   Z80

 1162 D2E1  E5          UNKWN3:	PUSH	HL
 1163 D2E2  EB          	EX	DE,HL
 1164 D2E3  CD CDD8     	CALL	DMASET		;set transfer address.
 1165 D2E6  11 D3CD     	LD	DE,FCB		;and read the next record.
 1166 D2E9  CD CCF9     	CALL	RDREC
 1167 D2EC  C2 D301     	JP	NZ,UNKWN4	;end of file or read error?
 1168 D2EF  E1          	POP	HL		;nope, bump pointer for next sector.
 1169 D2F0  11 0080     	LD	DE,128
 1170 D2F3  19          	ADD	HL,DE
 1171 D2F4  11 CC00     	LD	DE,CBASE	;enough room for the whole file?
 1172 D2F7  7D          	LD	A,L
 1173 D2F8  93          	SUB	E
 1174 D2F9  7C          	LD	A,H
 1175 D2FA  9A          	SBC	A,D
 1176 D2FB  D2 D371     	JP	NC,UNKWN0	;no, it can't fit.
 1177 D2FE  C3 D2E1     	JP	UNKWN3
 1178                   ;
 1179                   ;   Get here after finished reading.
 1180                   ;
 1181 D301  E1          UNKWN4:	POP	HL
 1182 D302  3D          	DEC	A		;normal end of file?
 1183 D303  C2 D371     	JP	NZ,UNKWN0
 1184 D306  CD D066     	CALL	RESETDR		;yes, reset previous drive.
 1185 D309  CD CE5E     	CALL	CONVFST		;convert the first file name that follows
 1186 D30C  21 D3F0     	LD	HL,CHGDRV	;command name.
 1187 D30F  E5          	PUSH	HL
 1188 D310  7E          	LD	A,(HL)		;set drive code in default fcb.
 1189 D311  32 D3CD     	LD	(FCB),A
 1190 D314  3E 10       	LD	A,16		;put second name 16 bytes later.
 1191 D316  CD CE60     	CALL	CONVERT		;convert second file name.
 1192 D319  E1          	POP	HL
 1193 D31A  7E          	LD	A,(HL)		;and set the drive for this second file.
 1194 D31B  32 D3DD     	LD	(FCB+16),A
 1195 D31E  AF          	XOR	A		;clear record byte in fcb.
 1196 D31F  32 D3ED     	LD	(FCB+32),A
 1197 D322  11 005C     	LD	DE,TFCB		;move it into place at(005Ch).
 1198 D325  21 D3CD     	LD	HL,FCB
 1199 D328  06 21       	LD	B,33
 1200 D32A  CD D042     	CALL	HL2DE
 1201 D32D  21 CC08     	LD	HL,INBUFF+2	;now move the remainder of the input
 1202 D330  7E          UNKWN5:	LD	A,(HL)		;line down to (0080h). Look for a non blank.
 1203 D331  B7          	OR	A		;or a null.
 1204 D332  CA D33E     	JP	Z,UNKWN6
 1205 D335  FE 20       	CP	' '
 1206 D337  CA D33E     	JP	Z,UNKWN6
 1207 D33A  23          	INC	HL
 1208 D33B  C3 D330     	JP	UNKWN5
 1209                   ;
 1210                   ;   Do the line move now. It ends in a null byte.
 1211                   ;
 1212 D33E  06 00       UNKWN6:	LD	B,0		;keep a character count.
 1213 D340  11 0081     	LD	DE,TBUFF+1	;data gets put here.
 1214 D343  7E          UNKWN7:	LD	A,(HL)		;move it now.
 1215 D344  12          	LD	(DE),A
 1216 D345  B7          	OR	A
 1217 D346  CA D34F     	JP	Z,UNKWN8
 1218 D349  04          	INC	B
 1219 D34A  23          	INC	HL
Z80ASM SuperFast Relocating Macro Assembler     	    Z80ASM 1.32 Page  22
CPM22   Z80

 1220 D34B  13          	INC	DE
 1221 D34C  C3 D343     	JP	UNKWN7
 1222 D34F  78          UNKWN8:	LD	A,B		;now store the character count.
 1223 D350  32 0080     	LD	(TBUFF),A
 1224 D353  CD CC98     	CALL	CRLF		;clean up the screen.
 1225 D356  CD CDD5     	CALL	STDDMA		;set standard transfer address.
 1226 D359  CD CD1A     	CALL	SETCDRV		;reset current drive.
 1227 D35C  CD 0100     	CALL	TBASE		;and execute the program.
 1228                   ;
 1229                   ;   Transiant programs return here (or reboot).
 1230                   ;
 1231 D35F  31 D3AB     	LD	SP,BATCH	;set stack first off.
 1232 D362  CD CD29     	CALL	MOVECD		;move current drive into place (TDRIVE).
 1233 D365  CD CCBD     	CALL	DSKSEL		;and reselect it.
 1234 D368  C3 CF82     	JP	CMMND1		;back to comand mode.
 1235                   ;
 1236                   ;   Get here if some error occured.
 1237                   ;
 1238 D36B  CD D066     UNKWN9:	CALL	RESETDR		;inproper format.
 1239 D36E  C3 CE09     	JP	SYNERR
 1240 D371  01 D37A     UNKWN0:	LD	BC,BADLOAD	;read error or won't fit.
 1241 D374  CD CCA7     	CALL	PLINE
 1242 D377  C3 D386     	JP	GETBACK
 1243 D37A  42 61 64 20 BADLOAD:DEFM	"Bad load"
 1244 D382  00          	DB	0
 1245 D383  43 4F 4D    COMFILE:DEFM	"COM"		;command file extension.
 1246                   ;
 1247                   ;   Get here to return to command level. We will reset the
 1248                   ; previous active drive and then either return to command
 1249                   ; level directly or print error message and then return.
 1250                   ;
 1251 D386  CD D066     GETBACK:CALL	RESETDR		;reset previous drive.
 1252 D389  CD CE5E     GETBACK1: CALL	CONVFST		;convert first name in (FCB).
 1253 D38C  3A D3CE     	LD	A,(FCB+1)	;if this was just a drive change request,
 1254 D38F  D6 20       	SUB	' '		;make sure it was valid.
 1255 D391  21 D3F0     	LD	HL,CHGDRV
 1256 D394  B6          	OR	(HL)
 1257 D395  C2 CE09     	JP	NZ,SYNERR
 1258 D398  C3 CF82     	JP	CMMND1		;ok, return to command level.
 1259                   ;
 1260                   ;   ccp stack area.
 1261                   ;
 1262 D39B  00 00 00 00 	DB	0,0,0,0,0,0,0,0,0,0,0,0,0,0,0,0
 1263         D3AB      CCPSTACK: EQU	$	;end of ccp stack area.
 1264                   ;
 1265                   ;   Batch (or SUBMIT) processing information storage.
 1266                   ;
 1267 D3AB  00          BATCH:	DB	0		;batch mode flag (0=not active).
 1268 D3AC  00          BATCHFCB: DB	0
 1269 D3AD  24 24 24 20 	DEFM "$$$     SUB"
 1270 D3B8  00 00 00 00 	DB 0,0,0,0,0,0,0,0,0,0,0,0,0,0,0,0,0,0,0,0,0
 1271                   ;
 1272                   ;   File control block setup by the CCP.
 1273                   ;
 1274 D3CD  00          FCB:	DB	0
 1275 D3CE  20 20 20 20 	DEFM	"           "
 1276 D3D9  00 00 00 00 	DB	0,0,0,0,0
 1277 D3DE  20 20 20 20 	DEFM	"           "
Z80ASM SuperFast Relocating Macro Assembler     	    Z80ASM 1.32 Page  23
CPM22   Z80

 1278 D3E9  00 00 00 00 	DB	0,0,0,0,0
 1279 D3EE  00          RTNCODE:DB	0		;status returned from bdos call.
 1280 D3EF  00          CDRIVE:	DB	0		;currently active drive.
 1281 D3F0  00          CHGDRV:	DB	0		;change in drives flag (0=no change).
 1282 D3F1  0000        NBYTES:	DW	0		;byte counter used by TYPE.
 1283                   ;
 1284                   ;   Room for expansion?
 1285                   ;
 1286 D3F3  00 00 00 00 	DB	0,0,0,0,0,0,0,0,0,0,0,0,0
 1287                   ;
 1288                   ;**************************************************************
 1289                   ;
 1290                   ;  B D O S   starts here, serial number is part of BDOS
 1291                   ;
 1292                   ;  BIOS and other programs that use the BDOS refer to BDOS + 6
 1293                   ;
 1294                   ;**************************************************************
 1295                   
 1296                   		;ORG 0
 1297                   
 1298 D400              BDOS:
 1299                   
 1300                   ; Note that the following six bytes must match those at
 1301                   ; (PATTRN1) or cp/m will HALT. Why?
 1302                   
 1303 D400  00 16 00 00 PATTRN2:DB	0,22,0,0,0,0	;(* serial number bytes *).
 1304                   ;
 1305                   ;**************************************************************
 1306                   ;*
 1307                   ;*                    B D O S   E N T R Y
 1308                   ;*
 1309                   ;**************************************************************
 1310                   ;
 1311 D406  C3 D411     FBASE:	JP	FBASE1
 1312                   ;
 1313                   ;   BDOS error table.
 1314                   ;
 1315 D409  D499        BADSCTR:DW	ERROR1		;bad sector on read or write.
 1316 D40B  D4A5        BADSLCT:DW	ERROR2		;bad disk select.
 1317 D40D  D4AB        RODISK:	DW	ERROR3		;disk is read only.
 1318 D40F  D4B1        ROFILE:	DW	ERROR4		;file is read only.
 1319                   ;
 1320                   ;   Entry into bdos. (DE) or (E) are the parameters passed. The
 1321                   ; function number desired is in register (C).
 1322                   ;
 1323 D411  EB          FBASE1:	EX	DE,HL		;save the (DE) parameters.
 1324 D412  22 D743     	LD	(PARAMS),HL
 1325 D415  EB          	EX	DE,HL
 1326 D416  7B          	LD	A,E		;and save register (E) in particular.
 1327 D417  32 E1D6     	LD	(EPARAM),A
 1328 D41A  21 0000     	LD	HL,0
 1329 D41D  22 D745     	LD	(STATUS),HL	;clear return status.
 1330 D420  39          	ADD	HL,SP
 1331 D421  22 D70F     	LD	(USRSTACK),HL	;save users stack pointer.
 1332 D424  31 D741     	LD	SP,STKAREA	;and set our own.
 1333 D427  AF          	XOR	A		;clear auto select storage space.
 1334 D428  32 E1E0     	LD	(AUTOFLAG),A
 1335 D42B  32 E1DE     	LD	(AUTO),A
Z80ASM SuperFast Relocating Macro Assembler     	    Z80ASM 1.32 Page  24
CPM22   Z80

 1336 D42E  21 E174     	LD	HL,GOBACK	;set return address.
 1337 D431  E5          	PUSH	HL
 1338 D432  79          	LD	A,C		;get function number.
 1339 D433  FE 29       	CP	NFUNCTS		;valid function number?
 1340 D435  D0          	RET	NC
 1341 D436  4B          	LD	C,E		;keep single register function here.
 1342 D437  21 D447     	LD	HL,FUNCTNS	;now look thru the function table.
 1343 D43A  5F          	LD	E,A
 1344 D43B  16 00       	LD	D,0		;(DE)=function number.
 1345 D43D  19          	ADD	HL,DE
 1346 D43E  19          	ADD	HL,DE		;(HL)=(start of table)+2*(function number).
 1347 D43F  5E          	LD	E,(HL)
 1348 D440  23          	INC	HL
 1349 D441  56          	LD	D,(HL)		;now (DE)=address for this function.
 1350 D442  2A D743     	LD	HL,(PARAMS)	;retrieve parameters.
 1351 D445  EB          	EX	DE,HL		;now (DE) has the original parameters.
 1352 D446  E9          	JP	(HL)		;execute desired function.
 1353                   ;
 1354                   ;   BDOS function jump table.
 1355                   ;
 1356         0029      NFUNCTS: EQU	41		;number of functions in followin table.
 1357                   ;
 1358 D447  E203  D6C8  FUNCTNS:DW	WBOOT,GETCON,OUTCON,GETRDR,PUNCH,LIST,DIRCIO,GETIOB
 1359 D457  D6F3  D6F8  	DW	SETIOB,PRTSTR,RDBUFF,GETCSTS,GETVER,RSTDSK,SETDSK,OPENFIL
 1360 D467  E0A5  E0AB  	DW	CLOSEFIL,GETFST,GETNXT,DELFILE,READSEQ,WRTSEQ,FCREATE
 1361 D475  E0F5  E0FE  	DW	RENFILE,GETLOG,GETCRNT,PUTDMA,GETALOC,WRTPRTD,GETROV,SETATTR
 1362 D485  E126  E12D  	DW	GETPARM,GETUSER,RDRANDOM,WTRANDOM,FILESIZE,SETRAN,LOGOFF,RTN
 1363 D495  D704  E19B  	DW	RTN,WTSPECL
 1364                   ;
 1365                   ;   Bdos error message section.
 1366                   ;
 1367 D499  21 D4CA     ERROR1:	LD	HL,BADSEC	;bad sector message.
 1368 D49C  CD D4E5     	CALL	PRTERR		;print it and get a 1 char responce.
 1369 D49F  FE 03       	CP	CNTRLC		;re-boot request (control-c)?
 1370 D4A1  CA 0000     	JP	Z,0		;yes.
 1371 D4A4  C9          	RET			;no, return to retry i/o function.
 1372                   ;
 1373 D4A5  21 D4D5     ERROR2:	LD	HL,BADSEL	;bad drive selected.
 1374 D4A8  C3 D4B4     	JP	ERROR5
 1375                   ;
 1376 D4AB  21 D4E1     ERROR3:	LD	HL,DISKRO	;disk is read only.
 1377 D4AE  C3 D4B4     	JP	ERROR5
 1378                   ;
 1379 D4B1  21 D4DC     ERROR4:	LD	HL,FILERO	;file is read only.
 1380                   ;
 1381 D4B4  CD D4E5     ERROR5:	CALL	PRTERR
 1382 D4B7  C3 0000     	JP	0		;always reboot on these errors.
 1383                   ;
 1384 D4BA  42 64 6F 73 BDOSERR:DEFM	"Bdos Err On "
 1385                   
 1386                   	; error fixed by *dg* 260726, additional '' removed
 1387                   ;BDOSDRV:DEFM	022h,020h,03Ah,020h,024h,022h	;" : $"
 1388 D4C6  20 3A 20 24 BDOSDRV:DEFM	020h,03Ah,020h,024h		;" : $"
 1389                   
 1390 D4CA  42 61 64 20 BADSEC:	DEFM	"Bad Sector$"
 1391 D4D5  53 65 6C 65 BADSEL:	DEFM	"Select$"
 1392 D4DC  46 69 6C 65 FILERO:	DEFM	"File "
 1393 D4E1  52 2F 4F 24 DISKRO:	DEFM	"R/O$"
Z80ASM SuperFast Relocating Macro Assembler     	    Z80ASM 1.32 Page  25
CPM22   Z80

 1394                   ;
 1395                   ;   Print bdos error message.
 1396                   ;
 1397 D4E5  E5          PRTERR:	PUSH	HL		;save second message pointer.
 1398 D4E6  CD D5C9     	CALL	OUTCRLF		;send (cr)(lf).
 1399 D4E9  3A D742     	LD	A,(ACTIVE)	;get active drive.
 1400 D4EC  C6 41       	ADD	A,'A'		;make ascii.
 1401 D4EE  32 D4C6     	LD	(BDOSDRV),A	;and put in message.
 1402 D4F1  01 D4BA     	LD	BC,BDOSERR	;and print it.
 1403 D4F4  CD D5D3     	CALL	PRTMESG
 1404 D4F7  C1          	POP	BC		;print second message line now.
 1405 D4F8  CD D5D3     	CALL	PRTMESG
 1406                   ;
 1407                   ;   Get an input character. We will check our 1 character
 1408                   ; buffer first. This may be set by the console status routine.
 1409                   ;
 1410 D4FB  21 D70E     GETCHAR:LD	HL,CHARBUF	;check character buffer.
 1411 D4FE  7E          	LD	A,(HL)		;anything present already?
 1412 D4FF  36 00       	LD	(HL),0		;...either case clear it.
 1413 D501  B7          	OR	A
 1414 D502  C0          	RET	NZ		;yes, use it.
 1415 D503  C3 E209     	JP	CONIN		;nope, go get a character responce.
 1416                   ;
 1417                   ;   Input and echo a character.
 1418                   ;
 1419 D506  CD D4FB     GETECHO:CALL	GETCHAR		;input a character.
 1420 D509  CD D514     	CALL	CHKCHAR		;carriage control?
 1421 D50C  D8          	RET	C		;no, a regular control char so don't echo.
 1422 D50D  F5          	PUSH	AF		;ok, save character now.
 1423 D50E  4F          	LD	C,A
 1424 D50F  CD D590     	CALL	OUTCON		;and echo it.
 1425 D512  F1          	POP	AF		;get character and return.
 1426 D513  C9          	RET	
 1427                   ;
 1428                   ;   Check character in (A). Set the zero flag on a carriage
 1429                   ; control character and the carry flag on any other control
 1430                   ; character.
 1431                   ;
 1432 D514  FE 0D       CHKCHAR:CP	CR		;check for carriage return, line feed, backspace,
 1433 D516  C8          	RET	Z		;or a tab.
 1434 D517  FE 0A       	CP	LF
 1435 D519  C8          	RET	Z
 1436 D51A  FE 09       	CP	TAB
 1437 D51C  C8          	RET	Z
 1438 D51D  FE 08       	CP	BS
 1439 D51F  C8          	RET	Z
 1440 D520  FE 20       	CP	' '		;other control char? Set carry flag.
 1441 D522  C9          	RET	
 1442                   ;
 1443                   ;   Check the console during output. Halt on a control-s, then
 1444                   ; reboot on a control-c. If anything else is ready, clear the
 1445                   ; zero flag and return (the calling routine may want to do
 1446                   ; something).
 1447                   ;
 1448 D523  3A D70E     CKCONSOL: LD	A,(CHARBUF)	;check buffer.
 1449 D526  B7          	OR	A		;if anything, just return without checking.
 1450 D527  C2 D545     	JP	NZ,CKCON2
 1451 D52A  CD E206     	CALL	CONST		;nothing in buffer. Check console.
Z80ASM SuperFast Relocating Macro Assembler     	    Z80ASM 1.32 Page  26
CPM22   Z80

 1452 D52D  E6 01       	AND	01H		;look at bit 0.
 1453 D52F  C8          	RET	Z		;return if nothing.
 1454 D530  CD E209     	CALL	CONIN		;ok, get it.
 1455 D533  FE 13       	CP	CNTRLS		;if not control-s, return with zero cleared.
 1456 D535  C2 D542     	JP	NZ,CKCON1
 1457 D538  CD E209     	CALL	CONIN		;halt processing until another char
 1458 D53B  FE 03       	CP	CNTRLC		;is typed. Control-c?
 1459 D53D  CA 0000     	JP	Z,0		;yes, reboot now.
 1460 D540  AF          	XOR	A		;no, just pretend nothing was ever ready.
 1461 D541  C9          	RET	
 1462 D542  32 D70E     CKCON1:	LD	(CHARBUF),A	;save character in buffer for later processing.
 1463 D545  3E 01       CKCON2:	LD	A,1		;set (A) to non zero to mean something is ready.
 1464 D547  C9          	RET	
 1465                   ;
 1466                   ;   Output (C) to the screen. If the printer flip-flop flag
 1467                   ; is set, we will send character to printer also. The console
 1468                   ; will be checked in the process.
 1469                   ;
 1470 D548  3A D70A     OUTCHAR:LD	A,(OUTFLAG)	;check output flag.
 1471 D54B  B7          	OR	A		;anything and we won't generate output.
 1472 D54C  C2 D562     	JP	NZ,OUTCHR1
 1473 D54F  C5          	PUSH	BC
 1474 D550  CD D523     	CALL	CKCONSOL	;check console (we don't care whats there).
 1475 D553  C1          	POP	BC
 1476 D554  C5          	PUSH	BC
 1477 D555  CD E20C     	CALL	CONOUT		;output (C) to the screen.
 1478 D558  C1          	POP	BC
 1479 D559  C5          	PUSH	BC
 1480 D55A  3A D70D     	LD	A,(PRTFLAG)	;check printer flip-flop flag.
 1481 D55D  B7          	OR	A
 1482 D55E  C4 E20F     	CALL	NZ,LIST		;print it also if non-zero.
 1483 D561  C1          	POP	BC
 1484 D562  79          OUTCHR1:LD	A,C		;update cursors position.
 1485 D563  21 D70C     	LD	HL,CURPOS
 1486 D566  FE 7F       	CP	DEL		;rubouts don't do anything here.
 1487 D568  C8          	RET	Z
 1488 D569  34          	INC	(HL)		;bump line pointer.
 1489 D56A  FE 20       	CP	' '		;and return if a normal character.
 1490 D56C  D0          	RET	NC
 1491 D56D  35          	DEC	(HL)		;restore and check for the start of the line.
 1492 D56E  7E          	LD	A,(HL)
 1493 D56F  B7          	OR	A
 1494 D570  C8          	RET	Z		;ingnore control characters at the start of the line.
 1495 D571  79          	LD	A,C
 1496 D572  FE 08       	CP	BS		;is it a backspace?
 1497 D574  C2 D579     	JP	NZ,OUTCHR2
 1498 D577  35          	DEC	(HL)		;yes, backup pointer.
 1499 D578  C9          	RET	
 1500 D579  FE 0A       OUTCHR2:CP	LF		;is it a line feed?
 1501 D57B  C0          	RET	NZ		;ignore anything else.
 1502 D57C  36 00       	LD	(HL),0		;reset pointer to start of line.
 1503 D57E  C9          	RET	
 1504                   ;
 1505                   ;   Output (A) to the screen. If it is a control character
 1506                   ; (other than carriage control), use ^x format.
 1507                   ;
 1508 D57F  79          SHOWIT:	LD	A,C
 1509 D580  CD D514     	CALL	CHKCHAR		;check character.
Z80ASM SuperFast Relocating Macro Assembler     	    Z80ASM 1.32 Page  27
CPM22   Z80

 1510 D583  D2 D590     	JP	NC,OUTCON	;not a control, use normal output.
 1511 D586  F5          	PUSH	AF
 1512 D587  0E 5E       	LD	C,'^'		;for a control character, preceed it with '^'.
 1513 D589  CD D548     	CALL	OUTCHAR
 1514 D58C  F1          	POP	AF
 1515 D58D  F6 40       	OR	'@'		;and then use the letter equivelant.
 1516 D58F  4F          	LD	C,A
 1517                   ;
 1518                   ;   Function to output (C) to the console device and expand tabs
 1519                   ; if necessary.
 1520                   ;
 1521 D590  79          OUTCON:	LD	A,C
 1522 D591  FE 09       	CP	TAB		;is it a tab?
 1523 D593  C2 D548     	JP	NZ,OUTCHAR	;use regular output.
 1524 D596  0E 20       OUTCON1:LD	C,' '		;yes it is, use spaces instead.
 1525 D598  CD D548     	CALL	OUTCHAR
 1526 D59B  3A D70C     	LD	A,(CURPOS)	;go until the cursor is at a multiple of 8
 1527                   
 1528 D59E  E6 07       	AND	07H		;position.
 1529 D5A0  C2 D596     	JP	NZ,OUTCON1
 1530 D5A3  C9          	RET	
 1531                   ;
 1532                   ;   Echo a backspace character. Erase the prevoius character
 1533                   ; on the screen.
 1534                   ;
 1535 D5A4  CD D5AC     BACKUP:	CALL	BACKUP1		;backup the screen 1 place.
 1536 D5A7  0E 20       	LD	C,' '		;then blank that character.
 1537 D5A9  CD E20C     	CALL	CONOUT
 1538 D5AC  0E 08       BACKUP1:LD	C,BS		;then back space once more.
 1539 D5AE  C3 E20C     	JP	CONOUT
 1540                   ;
 1541                   ;   Signal a deleted line. Print a '#' at the end and start
 1542                   ; over.
 1543                   ;
 1544 D5B1  0E 23       NEWLINE:LD	C,'#'
 1545 D5B3  CD D548     	CALL	OUTCHAR		;print this.
 1546 D5B6  CD D5C9     	CALL	OUTCRLF		;start new line.
 1547 D5B9  3A D70C     NEWLN1:	LD	A,(CURPOS)	;move the cursor to the starting position.
 1548 D5BC  21 D70B     	LD	HL,STARTING
 1549 D5BF  BE          	CP	(HL)
 1550 D5C0  D0          	RET	NC		;there yet?
 1551 D5C1  0E 20       	LD	C,' '
 1552 D5C3  CD D548     	CALL	OUTCHAR		;nope, keep going.
 1553 D5C6  C3 D5B9     	JP	NEWLN1
 1554                   ;
 1555                   ;   Output a (cr) (lf) to the console device (screen).
 1556                   ;
 1557 D5C9  0E 0D       OUTCRLF:LD	C,CR
 1558 D5CB  CD D548     	CALL	OUTCHAR
 1559 D5CE  0E 0A       	LD	C,LF
 1560 D5D0  C3 D548     	JP	OUTCHAR
 1561                   ;
 1562                   ;   Print message pointed to by (BC). It will end with a '$'.
 1563                   ;
 1564 D5D3  0A          PRTMESG:LD	A,(BC)		;check for terminating character.
 1565 D5D4  FE 24       	CP	'$'
 1566 D5D6  C8          	RET	Z
 1567 D5D7  03          	INC	BC
Z80ASM SuperFast Relocating Macro Assembler     	    Z80ASM 1.32 Page  28
CPM22   Z80

 1568 D5D8  C5          	PUSH	BC		;otherwise, bump pointer and print it.
 1569 D5D9  4F          	LD	C,A
 1570 D5DA  CD D590     	CALL	OUTCON
 1571 D5DD  C1          	POP	BC
 1572 D5DE  C3 D5D3     	JP	PRTMESG
 1573                   ;
 1574                   ;   Function to execute a buffered read.
 1575                   ;
 1576 D5E1  3A D70C     RDBUFF:	LD	A,(CURPOS)	;use present location as starting one.
 1577 D5E4  32 D70B     	LD	(STARTING),A
 1578 D5E7  2A D743     	LD	HL,(PARAMS)	;get the maximum buffer space.
 1579 D5EA  4E          	LD	C,(HL)
 1580 D5EB  23          	INC	HL		;point to first available space.
 1581 D5EC  E5          	PUSH	HL		;and save.
 1582 D5ED  06 00       	LD	B,0		;keep a character count.
 1583 D5EF  C5          RDBUF1:	PUSH	BC
 1584 D5F0  E5          	PUSH	HL
 1585 D5F1  CD D4FB     RDBUF2:	CALL	GETCHAR		;get the next input character.
 1586 D5F4  E6 7F       	AND	7FH		;strip bit 7.
 1587 D5F6  E1          	POP	HL		;reset registers.
 1588 D5F7  C1          	POP	BC
 1589 D5F8  FE 0D       	CP	CR		;en of the line?
 1590 D5FA  CA D6C1     	JP	Z,RDBUF17
 1591 D5FD  FE 0A       	CP	LF
 1592 D5FF  CA D6C1     	JP	Z,RDBUF17
 1593 D602  FE 08       	CP	BS		;how about a backspace?
 1594 D604  C2 D616     	JP	NZ,RDBUF3
 1595 D607  78          	LD	A,B		;yes, but ignore at the beginning of the line.
 1596 D608  B7          	OR	A
 1597 D609  CA D5EF     	JP	Z,RDBUF1
 1598 D60C  05          	DEC	B		;ok, update counter.
 1599 D60D  3A D70C     	LD	A,(CURPOS)	;if we backspace to the start of the line,
 1600 D610  32 D70A     	LD	(OUTFLAG),A	;treat as a cancel (control-x).
 1601 D613  C3 D670     	JP	RDBUF10
 1602 D616  FE 7F       RDBUF3:	CP	DEL		;user typed a rubout?
 1603 D618  C2 D626     	JP	NZ,RDBUF4
 1604 D61B  78          	LD	A,B		;ignore at the start of the line.
 1605 D61C  B7          	OR	A
 1606 D61D  CA D5EF     	JP	Z,RDBUF1
 1607 D620  7E          	LD	A,(HL)		;ok, echo the prevoius character.
 1608 D621  05          	DEC	B		;and reset pointers (counters).
 1609 D622  2B          	DEC	HL
 1610 D623  C3 D6A9     	JP	RDBUF15
 1611 D626  FE 05       RDBUF4:	CP	CNTRLE		;physical end of line?
 1612 D628  C2 D637     	JP	NZ,RDBUF5
 1613 D62B  C5          	PUSH	BC		;yes, do it.
 1614 D62C  E5          	PUSH	HL
 1615 D62D  CD D5C9     	CALL	OUTCRLF
 1616 D630  AF          	XOR	A		;and update starting position.
 1617 D631  32 D70B     	LD	(STARTING),A
 1618 D634  C3 D5F1     	JP	RDBUF2
 1619 D637  FE 10       RDBUF5:	CP	CNTRLP		;control-p?
 1620 D639  C2 D648     	JP	NZ,RDBUF6
 1621 D63C  E5          	PUSH	HL		;yes, flip the print flag filp-flop byte.
 1622 D63D  21 D70D     	LD	HL,PRTFLAG
 1623 D640  3E 01       	LD	A,1		;PRTFLAG=1-PRTFLAG
 1624 D642  96          	SUB	(HL)
 1625 D643  77          	LD	(HL),A
Z80ASM SuperFast Relocating Macro Assembler     	    Z80ASM 1.32 Page  29
CPM22   Z80

 1626 D644  E1          	POP	HL
 1627 D645  C3 D5EF     	JP	RDBUF1
 1628 D648  FE 18       RDBUF6:	CP	CNTRLX		;control-x (cancel)?
 1629 D64A  C2 D65F     	JP	NZ,RDBUF8
 1630 D64D  E1          	POP	HL
 1631 D64E  3A D70B     RDBUF7:	LD	A,(STARTING)	;yes, backup the cursor to here.
 1632 D651  21 D70C     	LD	HL,CURPOS
 1633 D654  BE          	CP	(HL)
 1634 D655  D2 D5E1     	JP	NC,RDBUFF	;done yet?
 1635 D658  35          	DEC	(HL)		;no, decrement pointer and output back up one space.
 1636 D659  CD D5A4     	CALL	BACKUP
 1637 D65C  C3 D64E     	JP	RDBUF7
 1638 D65F  FE 15       RDBUF8:	CP	CNTRLU		;cntrol-u (cancel line)?
 1639 D661  C2 D66B     	JP	NZ,RDBUF9
 1640 D664  CD D5B1     	CALL	NEWLINE		;start a new line.
 1641 D667  E1          	POP	HL
 1642 D668  C3 D5E1     	JP	RDBUFF
 1643 D66B  FE 12       RDBUF9:	CP	CNTRLR		;control-r?
 1644 D66D  C2 D6A6     	JP	NZ,RDBUF14
 1645 D670  C5          RDBUF10:PUSH	BC		;yes, start a new line and retype the old one.
 1646 D671  CD D5B1     	CALL	NEWLINE
 1647 D674  C1          	POP	BC
 1648 D675  E1          	POP	HL
 1649 D676  E5          	PUSH	HL
 1650 D677  C5          	PUSH	BC
 1651 D678  78          RDBUF11:LD	A,B		;done whole line yet?
 1652 D679  B7          	OR	A
 1653 D67A  CA D68A     	JP	Z,RDBUF12
 1654 D67D  23          	INC	HL		;nope, get next character.
 1655 D67E  4E          	LD	C,(HL)
 1656 D67F  05          	DEC	B		;count it.
 1657 D680  C5          	PUSH	BC
 1658 D681  E5          	PUSH	HL
 1659 D682  CD D57F     	CALL	SHOWIT		;and display it.
 1660 D685  E1          	POP	HL
 1661 D686  C1          	POP	BC
 1662 D687  C3 D678     	JP	RDBUF11
 1663 D68A  E5          RDBUF12:PUSH	HL		;done with line. If we were displaying
 1664 D68B  3A D70A     	LD	A,(OUTFLAG)	;then update cursor position.
 1665 D68E  B7          	OR	A
 1666 D68F  CA D5F1     	JP	Z,RDBUF2
 1667 D692  21 D70C     	LD	HL,CURPOS	;because this line is shorter, we must
 1668 D695  96          	SUB	(HL)		;back up the cursor (not the screen however)
 1669 D696  32 D70A     	LD	(OUTFLAG),A	;some number of positions.
 1670 D699  CD D5A4     RDBUF13:CALL	BACKUP		;note that as long as (OUTFLAG) is non
 1671 D69C  21 D70A     	LD	HL,OUTFLAG	;zero, the screen will not be changed.
 1672 D69F  35          	DEC	(HL)
 1673 D6A0  C2 D699     	JP	NZ,RDBUF13
 1674 D6A3  C3 D5F1     	JP	RDBUF2		;now just get the next character.
 1675                   ;
 1676                   ;   Just a normal character, put this in our buffer and echo.
 1677                   ;
 1678 D6A6  23          RDBUF14:INC	HL
 1679 D6A7  77          	LD	(HL),A		;store character.
 1680 D6A8  04          	INC	B		;and count it.
 1681 D6A9  C5          RDBUF15:PUSH	BC
 1682 D6AA  E5          	PUSH	HL
 1683 D6AB  4F          	LD	C,A		;echo it now.
Z80ASM SuperFast Relocating Macro Assembler     	    Z80ASM 1.32 Page  30
CPM22   Z80

 1684 D6AC  CD D57F     	CALL	SHOWIT
 1685 D6AF  E1          	POP	HL
 1686 D6B0  C1          	POP	BC
 1687 D6B1  7E          	LD	A,(HL)		;was it an abort request?
 1688 D6B2  FE 03       	CP	CNTRLC		;control-c abort?
 1689 D6B4  78          	LD	A,B
 1690 D6B5  C2 D6BD     	JP	NZ,RDBUF16
 1691 D6B8  FE 01       	CP	1		;only if at start of line.
 1692 D6BA  CA 0000     	JP	Z,0
 1693 D6BD  B9          RDBUF16:CP	C		;nope, have we filled the buffer?
 1694 D6BE  DA D5EF     	JP	C,RDBUF1
 1695 D6C1  E1          RDBUF17:POP	HL		;yes end the line and return.
 1696 D6C2  70          	LD	(HL),B
 1697 D6C3  0E 0D       	LD	C,CR
 1698 D6C5  C3 D548     	JP	OUTCHAR		;output (cr) and return.
 1699                   ;
 1700                   ;   Function to get a character from the console device.
 1701                   ;
 1702 D6C8  CD D506     GETCON:	CALL	GETECHO		;get and echo.
 1703 D6CB  C3 D701     	JP	SETSTAT		;save status and return.
 1704                   ;
 1705                   ;   Function to get a character from the tape reader device.
 1706                   ;
 1707 D6CE  CD E215     GETRDR:	CALL	READER		;get a character from reader, set status and return.
 1708 D6D1  C3 D701     	JP	SETSTAT
 1709                   ;
 1710                   ;  Function to perform direct console i/o. If (C) contains (FF)
 1711                   ; then this is an input request. If (C) contains (FE) then
 1712                   ; this is a status request. Otherwise we are to output (C).
 1713                   ;
 1714 D6D4  79          DIRCIO:	LD	A,C		;test for (FF).
 1715 D6D5  3C          	INC	A
 1716 D6D6  CA D6E0     	JP	Z,DIRC1
 1717 D6D9  3C          	INC	A		;test for (FE).
 1718 D6DA  CA E206     	JP	Z,CONST
 1719 D6DD  C3 E20C     	JP	CONOUT		;just output (C).
 1720 D6E0  CD E206     DIRC1:	CALL	CONST		;this is an input request.
 1721 D6E3  B7          	OR	A
 1722 D6E4  CA E191     	JP	Z,GOBACK1	;not ready? Just return (directly).
 1723 D6E7  CD E209     	CALL	CONIN		;yes, get character.
 1724 D6EA  C3 D701     	JP	SETSTAT		;set status and return.
 1725                   ;
 1726                   ;   Function to return the i/o byte.
 1727                   ;
 1728 D6ED  3A 0003     GETIOB:	LD	A,(IOBYTE)
 1729 D6F0  C3 D701     	JP	SETSTAT
 1730                   ;
 1731                   ;   Function to set the i/o byte.
 1732                   ;
 1733 D6F3  21 0003     SETIOB:	LD	HL,IOBYTE
 1734 D6F6  71          	LD	(HL),C
 1735 D6F7  C9          	RET	
 1736                   ;
 1737                   ;   Function to print the character string pointed to by (DE)
 1738                   ; on the console device. The string ends with a '$'.
 1739                   ;
 1740 D6F8  EB          PRTSTR:	EX	DE,HL
 1741 D6F9  4D          	LD	C,L
Z80ASM SuperFast Relocating Macro Assembler     	    Z80ASM 1.32 Page  31
CPM22   Z80

 1742 D6FA  44          	LD	B,H		;now (BC) points to it.
 1743 D6FB  C3 D5D3     	JP	PRTMESG
 1744                   ;
 1745                   ;   Function to interigate the console device.
 1746                   ;
 1747 D6FE  CD D523     GETCSTS:CALL	CKCONSOL
 1748                   ;
 1749                   ;   Get here to set the status and return to the cleanup
 1750                   ; section. Then back to the user.
 1751                   ;
 1752 D701  32 D745     SETSTAT:LD	(STATUS),A
 1753 D704  C9          RTN:	RET	
 1754                   ;
 1755                   ;   Set the status to 1 (read or write error code).
 1756                   ;
 1757 D705  3E 01       IOERR1:	LD	A,1
 1758 D707  C3 D701     	JP	SETSTAT
 1759                   ;
 1760 D70A  00          OUTFLAG:DB	0		;output flag (non zero means no output).
 1761 D70B  02          STARTING: DB	2		;starting position for cursor.
 1762 D70C  00          CURPOS:	DB	0		;cursor position (0=start of line).
 1763 D70D  00          PRTFLAG:DB	0		;printer flag (control-p toggle). List if non zero.
 1764 D70E  00          CHARBUF:DB	0		;single input character buffer.
 1765                   ;
 1766                   ;   Stack area for BDOS calls.
 1767                   ;
 1768 D70F  0000        USRSTACK: DW	0		;save users stack pointer here.
 1769                   ;
 1770 D711  00 00 00 00 	DB	0,0,0,0,0,0,0,0,0,0,0,0,0,0,0,0,0,0,0,0,0,0,0,0
 1771 D729  00 00 00 00 	DB	0,0,0,0,0,0,0,0,0,0,0,0,0,0,0,0,0,0,0,0,0,0,0,0
 1772         D741      STKAREA: EQU	$		;end of stack area.
 1773                   ;
 1774 D741  00          USERNO:	DB	0		;current user number.
 1775 D742  00          ACTIVE:	DB	0		;currently active drive.
 1776 D743  0000        PARAMS:	DW	0		;save (DE) parameters here on entry.
 1777 D745  0000        STATUS:	DW	0		;status returned from bdos function.
 1778                   ;
 1779                   ;   Select error occured, jump to error routine.
 1780                   ;
 1781 D747  21 D40B     SLCTERR:LD	HL,BADSLCT
 1782                   ;
 1783                   ;   Jump to (HL) indirectly.
 1784                   ;
 1785 D74A  5E          JUMPHL:	LD	E,(HL)
 1786 D74B  23          	INC	HL
 1787 D74C  56          	LD	D,(HL)		;now (DE) contain the desired address.
 1788 D74D  EB          	EX	DE,HL
 1789 D74E  E9          	JP	(HL)
 1790                   ;
 1791                   ;   Block move. (DE) to (HL), (C) bytes total.
 1792                   ;
 1793 D74F  0C          DE2HL:	INC	C		;is count down to zero?
 1794 D750  0D          DE2HL1:	DEC	C
 1795 D751  C8          	RET	Z		;yes, we are done.
 1796 D752  1A          	LD	A,(DE)		;no, move one more byte.
 1797 D753  77          	LD	(HL),A
 1798 D754  13          	INC	DE
 1799 D755  23          	INC	HL
Z80ASM SuperFast Relocating Macro Assembler     	    Z80ASM 1.32 Page  32
CPM22   Z80

 1800 D756  C3 D750     	JP	DE2HL1		;and repeat.
 1801                   ;
 1802                   ;   Select the desired drive.
 1803                   ;
 1804 D759  3A D742     SELECT:	LD	A,(ACTIVE)	;get active disk.
 1805 D75C  4F          	LD	C,A
 1806 D75D  CD E21B     	CALL	SELDSK		;select it.
 1807 D760  7C          	LD	A,H		;valid drive?
 1808 D761  B5          	OR	L		;valid drive?
 1809 D762  C8          	RET	Z		;return if not.
 1810                   ;
 1811                   ;   Here, the BIOS returned the address of the parameter block
 1812                   ; in (HL). We will extract the necessary pointers and save them.
 1813                   ;
 1814 D763  5E          	LD	E,(HL)		;yes, get address of translation table into (DE).
 1815 D764  23          	INC	HL
 1816 D765  56          	LD	D,(HL)
 1817 D766  23          	INC	HL
 1818 D767  22 E1B3     	LD	(SCRATCH1),HL	;save pointers to scratch areas.
 1819 D76A  23          	INC	HL
 1820 D76B  23          	INC	HL
 1821 D76C  22 E1B5     	LD	(SCRATCH2),HL	;ditto.
 1822 D76F  23          	INC	HL
 1823 D770  23          	INC	HL
 1824 D771  22 E1B7     	LD	(SCRATCH3),HL	;ditto.
 1825 D774  23          	INC	HL
 1826 D775  23          	INC	HL
 1827 D776  EB          	EX	DE,HL		;now save the translation table address.
 1828 D777  22 E1D0     	LD	(XLATE),HL
 1829 D77A  21 E1B9     	LD	HL,DIRBUF	;put the next 8 bytes here.
 1830 D77D  0E 08       	LD	C,8		;they consist of the directory buffer
 1831 D77F  CD D74F     	CALL	DE2HL		;pointer, parameter block pointer,
 1832 D782  2A E1BB     	LD	HL,(DISKPB)	;check and allocation vectors.
 1833 D785  EB          	EX	DE,HL
 1834 D786  21 E1C1     	LD	HL,SECTORS	;move parameter block into our ram.
 1835 D789  0E 0F       	LD	C,15		;it is 15 bytes long.
 1836 D78B  CD D74F     	CALL	DE2HL
 1837 D78E  2A E1C6     	LD	HL,(DSKSIZE)	;check disk size.
 1838 D791  7C          	LD	A,H		;more than 256 blocks on this?
 1839 D792  21 E1DD     	LD	HL,BIGDISK
 1840 D795  36 FF       	LD	(HL),0FFH	;set to samll.
 1841 D797  B7          	OR	A
 1842 D798  CA D79D     	JP	Z,SELECT1
 1843 D79B  36 00       	LD	(HL),0		;wrong, set to large.
 1844 D79D  3E FF       SELECT1:LD	A,0FFH		;clear the zero flag.
 1845 D79F  B7          	OR	A
 1846 D7A0  C9          	RET	
 1847                   ;
 1848                   ;   Routine to home the disk track head and clear pointers.
 1849                   ;
 1850 D7A1  CD E218     HOMEDRV:CALL	HOME		;home the head.
 1851 D7A4  AF          	XOR	A
 1852 D7A5  2A E1B5     	LD	HL,(SCRATCH2)	;set our track pointer also.
 1853 D7A8  77          	LD	(HL),A
 1854 D7A9  23          	INC	HL
 1855 D7AA  77          	LD	(HL),A
 1856 D7AB  2A E1B7     	LD	HL,(SCRATCH3)	;and our sector pointer.
 1857 D7AE  77          	LD	(HL),A
Z80ASM SuperFast Relocating Macro Assembler     	    Z80ASM 1.32 Page  33
CPM22   Z80

 1858 D7AF  23          	INC	HL
 1859 D7B0  77          	LD	(HL),A
 1860 D7B1  C9          	RET	
 1861                   ;
 1862                   ;   Do the actual disk read and check the error return status.
 1863                   ;
 1864 D7B2  CD E227     DOREAD:	CALL	READ
 1865 D7B5  C3 D7BB     	JP	IORET
 1866                   ;
 1867                   ;   Do the actual disk write and handle any bios error.
 1868                   ;
 1869 D7B8  CD E22A     DOWRITE:CALL	WRITE
 1870 D7BB  B7          IORET:	OR	A
 1871 D7BC  C8          	RET	Z		;return unless an error occured.
 1872 D7BD  21 D409     	LD	HL,BADSCTR	;bad read/write on this sector.
 1873 D7C0  C3 D74A     	JP	JUMPHL
 1874                   ;
 1875                   ;   Routine to select the track and sector that the desired
 1876                   ; block number falls in.
 1877                   ;
 1878 D7C3  2A E1EA     TRKSEC:	LD	HL,(FILEPOS)	;get position of last accessed file
 1879 D7C6  0E 02       	LD	C,2		;in directory and compute sector #.
 1880 D7C8  CD D8EA     	CALL	SHIFTR		;sector #=file-position/4.
 1881 D7CB  22 E1E5     	LD	(BLKNMBR),HL	;save this as the block number of interest.
 1882 D7CE  22 E1EC     	LD	(CKSUMTBL),HL	;what's it doing here too?
 1883                   ;
 1884                   ;   if the sector number has already been set (BLKNMBR), enter
 1885                   ; at this point.
 1886                   ;
 1887 D7D1  21 E1E5     TRKSEC1:LD	HL,BLKNMBR
 1888 D7D4  4E          	LD	C,(HL)		;move sector number into (BC).
 1889 D7D5  23          	INC	HL
 1890 D7D6  46          	LD	B,(HL)
 1891 D7D7  2A E1B7     	LD	HL,(SCRATCH3)	;get current sector number and
 1892 D7DA  5E          	LD	E,(HL)		;move this into (DE).
 1893 D7DB  23          	INC	HL
 1894 D7DC  56          	LD	D,(HL)
 1895 D7DD  2A E1B5     	LD	HL,(SCRATCH2)	;get current track number.
 1896 D7E0  7E          	LD	A,(HL)		;and this into (HL).
 1897 D7E1  23          	INC	HL
 1898 D7E2  66          	LD	H,(HL)
 1899 D7E3  6F          	LD	L,A
 1900 D7E4  79          TRKSEC2:LD	A,C		;is desired sector before current one?
 1901 D7E5  93          	SUB	E
 1902 D7E6  78          	LD	A,B
 1903 D7E7  9A          	SBC	A,D
 1904 D7E8  D2 D7FA     	JP	NC,TRKSEC3
 1905 D7EB  E5          	PUSH	HL		;yes, decrement sectors by one track.
 1906 D7EC  2A E1C1     	LD	HL,(SECTORS)	;get sectors per track.
 1907 D7EF  7B          	LD	A,E
 1908 D7F0  95          	SUB	L
 1909 D7F1  5F          	LD	E,A
 1910 D7F2  7A          	LD	A,D
 1911 D7F3  9C          	SBC	A,H
 1912 D7F4  57          	LD	D,A		;now we have backed up one full track.
 1913 D7F5  E1          	POP	HL
 1914 D7F6  2B          	DEC	HL		;adjust track counter.
 1915 D7F7  C3 D7E4     	JP	TRKSEC2
Z80ASM SuperFast Relocating Macro Assembler     	    Z80ASM 1.32 Page  34
CPM22   Z80

 1916 D7FA  E5          TRKSEC3:PUSH	HL		;desired sector is after current one.
 1917 D7FB  2A E1C1     	LD	HL,(SECTORS)	;get sectors per track.
 1918 D7FE  19          	ADD	HL,DE		;bump sector pointer to next track.
 1919 D7FF  DA D80F     	JP	C,TRKSEC4
 1920 D802  79          	LD	A,C		;is desired sector now before current one?
 1921 D803  95          	SUB	L
 1922 D804  78          	LD	A,B
 1923 D805  9C          	SBC	A,H
 1924 D806  DA D80F     	JP	C,TRKSEC4
 1925 D809  EB          	EX	DE,HL		;not yes, increment track counter
 1926 D80A  E1          	POP	HL		;and continue until it is.
 1927 D80B  23          	INC	HL
 1928 D80C  C3 D7FA     	JP	TRKSEC3
 1929                   ;
 1930                   ;   here we have determined the track number that contains the
 1931                   ; desired sector.
 1932                   ;
 1933 D80F  E1          TRKSEC4:POP	HL		;get track number (HL).
 1934 D810  C5          	PUSH	BC
 1935 D811  D5          	PUSH	DE
 1936 D812  E5          	PUSH	HL
 1937 D813  EB          	EX	DE,HL
 1938 D814  2A E1CE     	LD	HL,(OFFSET)	;adjust for first track offset.
 1939 D817  19          	ADD	HL,DE
 1940 D818  44          	LD	B,H
 1941 D819  4D          	LD	C,L
 1942 D81A  CD E21E     	CALL	SETTRK		;select this track.
 1943 D81D  D1          	POP	DE		;reset current track pointer.
 1944 D81E  2A E1B5     	LD	HL,(SCRATCH2)
 1945 D821  73          	LD	(HL),E
 1946 D822  23          	INC	HL
 1947 D823  72          	LD	(HL),D
 1948 D824  D1          	POP	DE
 1949 D825  2A E1B7     	LD	HL,(SCRATCH3)	;reset the first sector on this track.
 1950 D828  73          	LD	(HL),E
 1951 D829  23          	INC	HL
 1952 D82A  72          	LD	(HL),D
 1953 D82B  C1          	POP	BC
 1954 D82C  79          	LD	A,C		;now subtract the desired one.
 1955 D82D  93          	SUB	E		;to make it relative (1-# sectors/track).
 1956 D82E  4F          	LD	C,A
 1957 D82F  78          	LD	A,B
 1958 D830  9A          	SBC	A,D
 1959 D831  47          	LD	B,A
 1960 D832  2A E1D0     	LD	HL,(XLATE)	;translate this sector according to this table.
 1961 D835  EB          	EX	DE,HL
 1962 D836  CD E230     	CALL	SECTRN		;let the bios translate it.
 1963 D839  4D          	LD	C,L
 1964 D83A  44          	LD	B,H
 1965 D83B  C3 E221     	JP	SETSEC		;and select it.
 1966                   ;
 1967                   ;   Compute block number from record number (SAVNREC) and
 1968                   ; extent number (SAVEXT).
 1969                   ;
 1970 D83E  21 E1C3     GETBLOCK: LD	HL,BLKSHFT	;get logical to physical conversion.
 1971 D841  4E          	LD	C,(HL)		;note that this is base 2 log of ratio.
 1972 D842  3A E1E3     	LD	A,(SAVNREC)	;get record number.
 1973 D845  B7          GETBLK1:OR	A		;compute (A)=(A)/2^BLKSHFT.
Z80ASM SuperFast Relocating Macro Assembler     	    Z80ASM 1.32 Page  35
CPM22   Z80

 1974 D846  1F          	RRA	
 1975 D847  0D          	DEC	C
 1976 D848  C2 D845     	JP	NZ,GETBLK1
 1977 D84B  47          	LD	B,A		;save result in (B).
 1978 D84C  3E 08       	LD	A,8
 1979 D84E  96          	SUB	(HL)
 1980 D84F  4F          	LD	C,A		;compute (C)=8-BLKSHFT.
 1981 D850  3A E1E2     	LD	A,(SAVEXT)
 1982 D853  0D          GETBLK2:DEC	C		;compute (A)=SAVEXT*2^(8-BLKSHFT).
 1983 D854  CA D85C     	JP	Z,GETBLK3
 1984 D857  B7          	OR	A
 1985 D858  17          	RLA	
 1986 D859  C3 D853     	JP	GETBLK2
 1987 D85C  80          GETBLK3:ADD	A,B
 1988 D85D  C9          	RET	
 1989                   ;
 1990                   ;   Routine to extract the (BC) block byte from the fcb pointed
 1991                   ; to by (PARAMS). If this is a big-disk, then these are 16 bit
 1992                   ; block numbers, else they are 8 bit numbers.
 1993                   ; Number is returned in (HL).
 1994                   ;
 1995 D85E  2A D743     EXTBLK:	LD	HL,(PARAMS)	;get fcb address.
 1996 D861  11 0010     	LD	DE,16		;block numbers start 16 bytes into fcb.
 1997 D864  19          	ADD	HL,DE
 1998 D865  09          	ADD	HL,BC
 1999 D866  3A E1DD     	LD	A,(BIGDISK)	;are we using a big-disk?
 2000 D869  B7          	OR	A
 2001 D86A  CA D871     	JP	Z,EXTBLK1
 2002 D86D  6E          	LD	L,(HL)		;no, extract an 8 bit number from the fcb.
 2003 D86E  26 00       	LD	H,0
 2004 D870  C9          	RET	
 2005 D871  09          EXTBLK1:ADD	HL,BC		;yes, extract a 16 bit number.
 2006 D872  5E          	LD	E,(HL)
 2007 D873  23          	INC	HL
 2008 D874  56          	LD	D,(HL)
 2009 D875  EB          	EX	DE,HL		;return in (HL).
 2010 D876  C9          	RET	
 2011                   ;
 2012                   ;   Compute block number.
 2013                   ;
 2014 D877  CD D83E     COMBLK:	CALL	GETBLOCK
 2015 D87A  4F          	LD	C,A
 2016 D87B  06 00       	LD	B,0
 2017 D87D  CD D85E     	CALL	EXTBLK
 2018 D880  22 E1E5     	LD	(BLKNMBR),HL
 2019 D883  C9          	RET	
 2020                   ;
 2021                   ;   Check for a zero block number (unused).
 2022                   ;
 2023 D884  2A E1E5     CHKBLK:	LD	HL,(BLKNMBR)
 2024 D887  7D          	LD	A,L		;is it zero?
 2025 D888  B4          	OR	H
 2026 D889  C9          	RET	
 2027                   ;
 2028                   ;   Adjust physical block (BLKNMBR) and convert to logical
 2029                   ; sector (LOGSECT). This is the starting sector of this block.
 2030                   ; The actual sector of interest is then added to this and the
 2031                   ; resulting sector number is stored back in (BLKNMBR). This
Z80ASM SuperFast Relocating Macro Assembler     	    Z80ASM 1.32 Page  36
CPM22   Z80

 2032                   ; will still have to be adjusted for the track number.
 2033                   ;
 2034 D88A  3A E1C3     LOGICAL:LD	A,(BLKSHFT)	;get log2(physical/logical sectors).
 2035 D88D  2A E1E5     	LD	HL,(BLKNMBR)	;get physical sector desired.
 2036 D890  29          LOGICL1:ADD	HL,HL		;compute logical sector number.
 2037 D891  3D          	DEC	A		;note logical sectors are 128 bytes long.
 2038 D892  C2 D890     	JP	NZ,LOGICL1
 2039 D895  22 E1E7     	LD	(LOGSECT),HL	;save logical sector.
 2040 D898  3A E1C4     	LD	A,(BLKMASK)	;get block mask.
 2041 D89B  4F          	LD	C,A
 2042 D89C  3A E1E3     	LD	A,(SAVNREC)	;get next sector to access.
 2043 D89F  A1          	AND	C		;extract the relative position within physical block.
 2044 D8A0  B5          	OR	L		;and add it too logical sector.
 2045 D8A1  6F          	LD	L,A
 2046 D8A2  22 E1E5     	LD	(BLKNMBR),HL	;and store.
 2047 D8A5  C9          	RET	
 2048                   ;
 2049                   ;   Set (HL) to point to extent byte in fcb.
 2050                   ;
 2051 D8A6  2A D743     SETEXT:	LD	HL,(PARAMS)
 2052 D8A9  11 000C     	LD	DE,12		;it is the twelth byte.
 2053 D8AC  19          	ADD	HL,DE
 2054 D8AD  C9          	RET	
 2055                   ;
 2056                   ;   Set (HL) to point to record count byte in fcb and (DE) to
 2057                   ; next record number byte.
 2058                   ;
 2059 D8AE  2A D743     SETHLDE:LD	HL,(PARAMS)
 2060 D8B1  11 000F     	LD	DE,15		;record count byte (#15).
 2061 D8B4  19          	ADD	HL,DE
 2062 D8B5  EB          	EX	DE,HL
 2063 D8B6  21 0011     	LD	HL,17		;next record number (#32).
 2064 D8B9  19          	ADD	HL,DE
 2065 D8BA  C9          	RET	
 2066                   ;
 2067                   ;   Save current file data from fcb.
 2068                   ;
 2069 D8BB  CD D8AE     STRDATA:CALL	SETHLDE
 2070 D8BE  7E          	LD	A,(HL)		;get and store record count byte.
 2071 D8BF  32 E1E3     	LD	(SAVNREC),A
 2072 D8C2  EB          	EX	DE,HL
 2073 D8C3  7E          	LD	A,(HL)		;get and store next record number byte.
 2074 D8C4  32 E1E1     	LD	(SAVNXT),A
 2075 D8C7  CD D8A6     	CALL	SETEXT		;point to extent byte.
 2076 D8CA  3A E1C5     	LD	A,(EXTMASK)	;get extent mask.
 2077 D8CD  A6          	AND	(HL)
 2078 D8CE  32 E1E2     	LD	(SAVEXT),A	;and save extent here.
 2079 D8D1  C9          	RET	
 2080                   ;
 2081                   ;   Set the next record to access. If (MODE) is set to 2, then
 2082                   ; the last record byte (SAVNREC) has the correct number to access.
 2083                   ; For sequential access, (MODE) will be equal to 1.
 2084                   ;
 2085 D8D2  CD D8AE     SETNREC:CALL	SETHLDE
 2086 D8D5  3A E1D5     	LD	A,(MODE)	;get sequential flag (=1).
 2087 D8D8  FE 02       	CP	2		;a 2 indicates that no adder is needed.
 2088 D8DA  C2 D8DE     	JP	NZ,STNREC1
 2089 D8DD  AF          	XOR	A		;clear adder (random access?).
Z80ASM SuperFast Relocating Macro Assembler     	    Z80ASM 1.32 Page  37
CPM22   Z80

 2090 D8DE  4F          STNREC1:LD	C,A
 2091 D8DF  3A E1E3     	LD	A,(SAVNREC)	;get last record number.
 2092 D8E2  81          	ADD	A,C		;increment record count.
 2093 D8E3  77          	LD	(HL),A		;and set fcb's next record byte.
 2094 D8E4  EB          	EX	DE,HL
 2095 D8E5  3A E1E1     	LD	A,(SAVNXT)	;get next record byte from storage.
 2096 D8E8  77          	LD	(HL),A		;and put this into fcb as number of records used.
 2097 D8E9  C9          	RET	
 2098                   ;
 2099                   ;   Shift (HL) right (C) bits.
 2100                   ;
 2101 D8EA  0C          SHIFTR:	INC	C
 2102 D8EB  0D          SHIFTR1:DEC	C
 2103 D8EC  C8          	RET	Z
 2104 D8ED  7C          	LD	A,H
 2105 D8EE  B7          	OR	A
 2106 D8EF  1F          	RRA	
 2107 D8F0  67          	LD	H,A
 2108 D8F1  7D          	LD	A,L
 2109 D8F2  1F          	RRA	
 2110 D8F3  6F          	LD	L,A
 2111 D8F4  C3 D8EB     	JP	SHIFTR1
 2112                   ;
 2113                   ;   Compute the check-sum for the directory buffer. Return
 2114                   ; integer sum in (A).
 2115                   ;
 2116 D8F7  0E 80       CHECKSUM: LD	C,128		;length of buffer.
 2117 D8F9  2A E1B9     	LD	HL,(DIRBUF)	;get its location.
 2118 D8FC  AF          	XOR	A		;clear summation byte.
 2119 D8FD  86          CHKSUM1:ADD	A,(HL)		;and compute sum ignoring carries.
 2120 D8FE  23          	INC	HL
 2121 D8FF  0D          	DEC	C
 2122 D900  C2 D8FD     	JP	NZ,CHKSUM1
 2123 D903  C9          	RET	
 2124                   ;
 2125                   ;   Shift (HL) left (C) bits.
 2126                   ;
 2127 D904  0C          SHIFTL:	INC	C
 2128 D905  0D          SHIFTL1:DEC	C
 2129 D906  C8          	RET	Z
 2130 D907  29          	ADD	HL,HL		;shift left 1 bit.
 2131 D908  C3 D905     	JP	SHIFTL1
 2132                   ;
 2133                   ;   Routine to set a bit in a 16 bit value contained in (BC).
 2134                   ; The bit set depends on the current drive selection.
 2135                   ;
 2136 D90B  C5          SETBIT:	PUSH	BC		;save 16 bit word.
 2137 D90C  3A D742     	LD	A,(ACTIVE)	;get active drive.
 2138 D90F  4F          	LD	C,A
 2139 D910  21 0001     	LD	HL,1
 2140 D913  CD D904     	CALL	SHIFTL		;shift bit 0 into place.
 2141 D916  C1          	POP	BC		;now 'or' this with the original word.
 2142 D917  79          	LD	A,C
 2143 D918  B5          	OR	L
 2144 D919  6F          	LD	L,A		;low byte done, do high byte.
 2145 D91A  78          	LD	A,B
 2146 D91B  B4          	OR	H
 2147 D91C  67          	LD	H,A
Z80ASM SuperFast Relocating Macro Assembler     	    Z80ASM 1.32 Page  38
CPM22   Z80

 2148 D91D  C9          	RET	
 2149                   ;
 2150                   ;   Extract the write protect status bit for the current drive.
 2151                   ; The result is returned in (A), bit 0.
 2152                   ;
 2153 D91E  2A E1AD     GETWPRT:LD	HL,(WRTPRT)	;get status bytes.
 2154 D921  3A D742     	LD	A,(ACTIVE)	;which drive is current?
 2155 D924  4F          	LD	C,A
 2156 D925  CD D8EA     	CALL	SHIFTR		;shift status such that bit 0 is the
 2157 D928  7D          	LD	A,L		;one of interest for this drive.
 2158 D929  E6 01       	AND	01H		;and isolate it.
 2159 D92B  C9          	RET	
 2160                   ;
 2161                   ;   Function to write protect the current disk.
 2162                   ;
 2163 D92C  21 E1AD     WRTPRTD:LD	HL,WRTPRT	;point to status word.
 2164 D92F  4E          	LD	C,(HL)		;set (BC) equal to the status.
 2165 D930  23          	INC	HL
 2166 D931  46          	LD	B,(HL)
 2167 D932  CD D90B     	CALL	SETBIT		;and set this bit according to current drive.
 2168 D935  22 E1AD     	LD	(WRTPRT),HL	;then save.
 2169 D938  2A E1C8     	LD	HL,(DIRSIZE)	;now save directory size limit.
 2170 D93B  23          	INC	HL		;remember the last one.
 2171 D93C  EB          	EX	DE,HL
 2172 D93D  2A E1B3     	LD	HL,(SCRATCH1)	;and store it here.
 2173 D940  73          	LD	(HL),E		;put low byte.
 2174 D941  23          	INC	HL
 2175 D942  72          	LD	(HL),D		;then high byte.
 2176 D943  C9          	RET	
 2177                   ;
 2178                   ;   Check for a read only file.
 2179                   ;
 2180 D944  CD D95E     CHKROFL:CALL	FCB2HL		;set (HL) to file entry in directory buffer.
 2181 D947  11 0009     CKROF1:	LD	DE,9		;look at bit 7 of the ninth byte.
 2182 D94A  19          	ADD	HL,DE
 2183 D94B  7E          	LD	A,(HL)
 2184 D94C  17          	RLA	
 2185 D94D  D0          	RET	NC		;return if ok.
 2186 D94E  21 D40F     	LD	HL,ROFILE	;else, print error message and terminate.
 2187 D951  C3 D74A     	JP	JUMPHL
 2188                   ;
 2189                   ;   Check the write protect status of the active disk.
 2190                   ;
 2191 D954  CD D91E     CHKWPRT:CALL	GETWPRT
 2192 D957  C8          	RET	Z		;return if ok.
 2193 D958  21 D40D     	LD	HL,RODISK	;else print message and terminate.
 2194 D95B  C3 D74A     	JP	JUMPHL
 2195                   ;
 2196                   ;   Routine to set (HL) pointing to the proper entry in the
 2197                   ; directory buffer.
 2198                   ;
 2199 D95E  2A E1B9     FCB2HL:	LD	HL,(DIRBUF)	;get address of buffer.
 2200 D961  3A E1E9     	LD	A,(FCBPOS)	;relative position of file.
 2201                   ;
 2202                   ;   Routine to add (A) to (HL).
 2203                   ;
 2204 D964  85          ADDA2HL:ADD	A,L
 2205 D965  6F          	LD	L,A
Z80ASM SuperFast Relocating Macro Assembler     	    Z80ASM 1.32 Page  39
CPM22   Z80

 2206 D966  D0          	RET	NC
 2207 D967  24          	INC	H		;take care of any carry.
 2208 D968  C9          	RET	
 2209                   ;
 2210                   ;   Routine to get the 's2' byte from the fcb supplied in
 2211                   ; the initial parameter specification.
 2212                   ;
 2213 D969  2A D743     GETS2:	LD	HL,(PARAMS)	;get address of fcb.
 2214 D96C  11 000E     	LD	DE,14		;relative position of 's2'.
 2215 D96F  19          	ADD	HL,DE
 2216 D970  7E          	LD	A,(HL)		;extract this byte.
 2217 D971  C9          	RET	
 2218                   ;
 2219                   ;   Clear the 's2' byte in the fcb.
 2220                   ;
 2221 D972  CD D969     CLEARS2:CALL	GETS2		;this sets (HL) pointing to it.
 2222 D975  36 00       	LD	(HL),0		;now clear it.
 2223 D977  C9          	RET	
 2224                   ;
 2225                   ;   Set bit 7 in the 's2' byte of the fcb.
 2226                   ;
 2227 D978  CD D969     SETS2B7:CALL	GETS2		;get the byte.
 2228 D97B  F6 80       	OR	80H		;and set bit 7.
 2229 D97D  77          	LD	(HL),A		;then store.
 2230 D97E  C9          	RET	
 2231                   ;
 2232                   ;   Compare (FILEPOS) with (SCRATCH1) and set flags based on
 2233                   ; the difference. This checks to see if there are more file
 2234                   ; names in the directory. We are at (FILEPOS) and there are
 2235                   ; (SCRATCH1) of them to check.
 2236                   ;
 2237 D97F  2A E1EA     MOREFLS:LD	HL,(FILEPOS)	;we are here.
 2238 D982  EB          	EX	DE,HL
 2239 D983  2A E1B3     	LD	HL,(SCRATCH1)	;and don't go past here.
 2240 D986  7B          	LD	A,E		;compute difference but don't keep.
 2241 D987  96          	SUB	(HL)
 2242 D988  23          	INC	HL
 2243 D989  7A          	LD	A,D
 2244 D98A  9E          	SBC	A,(HL)		;set carry if no more names.
 2245 D98B  C9          	RET	
 2246                   ;
 2247                   ;   Call this routine to prevent (SCRATCH1) from being greater
 2248                   ; than (FILEPOS).
 2249                   ;
 2250 D98C  CD D97F     CHKNMBR:CALL	MOREFLS		;SCRATCH1 too big?
 2251 D98F  D8          	RET	C
 2252 D990  13          	INC	DE		;yes, reset it to (FILEPOS).
 2253 D991  72          	LD	(HL),D
 2254 D992  2B          	DEC	HL
 2255 D993  73          	LD	(HL),E
 2256 D994  C9          	RET	
 2257                   ;
 2258                   ;   Compute (HL)=(DE)-(HL)
 2259                   ;
 2260 D995  7B          SUBHL:	LD	A,E		;compute difference.
 2261 D996  95          	SUB	L
 2262 D997  6F          	LD	L,A		;store low byte.
 2263 D998  7A          	LD	A,D
Z80ASM SuperFast Relocating Macro Assembler     	    Z80ASM 1.32 Page  40
CPM22   Z80

 2264 D999  9C          	SBC	A,H
 2265 D99A  67          	LD	H,A		;and then high byte.
 2266 D99B  C9          	RET	
 2267                   ;
 2268                   ;   Set the directory checksum byte.
 2269                   ;
 2270 D99C  0E FF       SETDIR:	LD	C,0FFH
 2271                   ;
 2272                   ;   Routine to set or compare the directory checksum byte. If
 2273                   ; (C)=0ffh, then this will set the checksum byte. Else the byte
 2274                   ; will be checked. If the check fails (the disk has been changed),
 2275                   ; then this disk will be write protected.
 2276                   ;
 2277 D99E  2A E1EC     CHECKDIR: LD	HL,(CKSUMTBL)
 2278 D9A1  EB          	EX	DE,HL
 2279 D9A2  2A E1CC     	LD	HL,(ALLOC1)
 2280 D9A5  CD D995     	CALL	SUBHL
 2281 D9A8  D0          	RET	NC		;ok if (CKSUMTBL) > (ALLOC1), so return.
 2282 D9A9  C5          	PUSH	BC
 2283 D9AA  CD D8F7     	CALL	CHECKSUM	;else compute checksum.
 2284 D9AD  2A E1BD     	LD	HL,(CHKVECT)	;get address of checksum table.
 2285 D9B0  EB          	EX	DE,HL
 2286 D9B1  2A E1EC     	LD	HL,(CKSUMTBL)
 2287 D9B4  19          	ADD	HL,DE		;set (HL) to point to byte for this drive.
 2288 D9B5  C1          	POP	BC
 2289 D9B6  0C          	INC	C		;set or check ?
 2290 D9B7  CA D9C4     	JP	Z,CHKDIR1
 2291 D9BA  BE          	CP	(HL)		;check them.
 2292 D9BB  C8          	RET	Z		;return if they are the same.
 2293 D9BC  CD D97F     	CALL	MOREFLS		;not the same, do we care?
 2294 D9BF  D0          	RET	NC
 2295 D9C0  CD D92C     	CALL	WRTPRTD		;yes, mark this as write protected.
 2296 D9C3  C9          	RET	
 2297 D9C4  77          CHKDIR1:LD	(HL),A		;just set the byte.
 2298 D9C5  C9          	RET	
 2299                   ;
 2300                   ;   Do a write to the directory of the current disk.
 2301                   ;
 2302 D9C6  CD D99C     DIRWRITE: CALL	SETDIR		;set checksum byte.
 2303 D9C9  CD D9E0     	CALL	DIRDMA		;set directory dma address.
 2304 D9CC  0E 01       	LD	C,1		;tell the bios to actually write.
 2305 D9CE  CD D7B8     	CALL	DOWRITE		;then do the write.
 2306 D9D1  C3 D9DA     	JP	DEFDMA
 2307                   ;
 2308                   ;   Read from the directory.
 2309                   ;
 2310 D9D4  CD D9E0     DIRREAD:CALL	DIRDMA		;set the directory dma address.
 2311 D9D7  CD D7B2     	CALL	DOREAD		;and read it.
 2312                   ;
 2313                   ;   Routine to set the dma address to the users choice.
 2314                   ;
 2315 D9DA  21 E1B1     DEFDMA:	LD	HL,USERDMA	;reset the default dma address and return.
 2316 D9DD  C3 D9E3     	JP	DIRDMA1
 2317                   ;
 2318                   ;   Routine to set the dma address for directory work.
 2319                   ;
 2320 D9E0  21 E1B9     DIRDMA:	LD	HL,DIRBUF
 2321                   ;
Z80ASM SuperFast Relocating Macro Assembler     	    Z80ASM 1.32 Page  41
CPM22   Z80

 2322                   ;   Set the dma address. On entry, (HL) points to
 2323                   ; word containing the desired dma address.
 2324                   ;
 2325 D9E3  4E          DIRDMA1:LD	C,(HL)
 2326 D9E4  23          	INC	HL
 2327 D9E5  46          	LD	B,(HL)		;setup (BC) and go to the bios to set it.
 2328 D9E6  C3 E224     	JP	SETDMA
 2329                   ;
 2330                   ;   Move the directory buffer into user's dma space.
 2331                   ;
 2332 D9E9  2A E1B9     MOVEDIR:LD	HL,(DIRBUF)	;buffer is located here, and
 2333 D9EC  EB          	EX	DE,HL
 2334 D9ED  2A E1B1     	LD	HL,(USERDMA)	; put it here.
 2335 D9F0  0E 80       	LD	C,128		;this is its length.
 2336 D9F2  C3 D74F     	JP	DE2HL		;move it now and return.
 2337                   ;
 2338                   ;   Check (FILEPOS) and set the zero flag if it equals 0ffffh.
 2339                   ;
 2340 D9F5  21 E1EA     CKFILPOS: LD	HL,FILEPOS
 2341 D9F8  7E          	LD	A,(HL)
 2342 D9F9  23          	INC	HL
 2343 D9FA  BE          	CP	(HL)		;are both bytes the same?
 2344 D9FB  C0          	RET	NZ
 2345 D9FC  3C          	INC	A		;yes, but are they each 0ffh?
 2346 D9FD  C9          	RET	
 2347                   ;
 2348                   ;   Set location (FILEPOS) to 0ffffh.
 2349                   ;
 2350 D9FE  21 FFFF     STFILPOS: LD	HL,0FFFFH
 2351 DA01  22 E1EA     	LD	(FILEPOS),HL
 2352 DA04  C9          	RET	
 2353                   ;
 2354                   ;   Move on to the next file position within the current
 2355                   ; directory buffer. If no more exist, set pointer to 0ffffh
 2356                   ; and the calling routine will check for this. Enter with (C)
 2357                   ; equal to 0ffh to cause the checksum byte to be set, else we
 2358                   ; will check this disk and set write protect if checksums are
 2359                   ; not the same (applies only if another directory sector must
 2360                   ; be read).
 2361                   ;
 2362 DA05  2A E1C8     NXENTRY:LD	HL,(DIRSIZE)	;get directory entry size limit.
 2363 DA08  EB          	EX	DE,HL
 2364 DA09  2A E1EA     	LD	HL,(FILEPOS)	;get current count.
 2365 DA0C  23          	INC	HL		;go on to the next one.
 2366 DA0D  22 E1EA     	LD	(FILEPOS),HL
 2367 DA10  CD D995     	CALL	SUBHL		;(HL)=(DIRSIZE)-(FILEPOS)
 2368 DA13  D2 DA19     	JP	NC,NXENT1	;is there more room left?
 2369 DA16  C3 D9FE     	JP	STFILPOS	;no. Set this flag and return.
 2370 DA19  3A E1EA     NXENT1:	LD	A,(FILEPOS)	;get file position within directory.
 2371 DA1C  E6 03       	AND	03H		;only look within this sector (only 4 entries fit).
 2372 DA1E  06 05       	LD	B,5		;convert to relative position (32 bytes each).
 2373 DA20  87          NXENT2:	ADD	A,A		;note that this is not efficient code.
 2374 DA21  05          	DEC	B		;5 'ADD A's would be better.
 2375 DA22  C2 DA20     	JP	NZ,NXENT2
 2376 DA25  32 E1E9     	LD	(FCBPOS),A	;save it as position of fcb.
 2377 DA28  B7          	OR	A
 2378 DA29  C0          	RET	NZ		;return if we are within buffer.
 2379 DA2A  C5          	PUSH	BC
Z80ASM SuperFast Relocating Macro Assembler     	    Z80ASM 1.32 Page  42
CPM22   Z80

 2380 DA2B  CD D7C3     	CALL	TRKSEC		;we need the next directory sector.
 2381 DA2E  CD D9D4     	CALL	DIRREAD
 2382 DA31  C1          	POP	BC
 2383 DA32  C3 D99E     	JP	CHECKDIR
 2384                   ;
 2385                   ;   Routine to to get a bit from the disk space allocation
 2386                   ; map. It is returned in (A), bit position 0. On entry to here,
 2387                   ; set (BC) to the block number on the disk to check.
 2388                   ; On return, (D) will contain the original bit position for
 2389                   ; this block number and (HL) will point to the address for it.
 2390                   ;
 2391 DA35  79          CKBITMAP: LD	A,C		;determine bit number of interest.
 2392 DA36  E6 07       	AND	07H		;compute (D)=(E)=(C and 7)+1.
 2393 DA38  3C          	INC	A
 2394 DA39  5F          	LD	E,A		;save particular bit number.
 2395 DA3A  57          	LD	D,A
 2396                   ;
 2397                   ;   compute (BC)=(BC)/8.
 2398                   ;
 2399 DA3B  79          	LD	A,C
 2400 DA3C  0F          	RRCA			;now shift right 3 bits.
 2401 DA3D  0F          	RRCA	
 2402 DA3E  0F          	RRCA	
 2403 DA3F  E6 1F       	AND	1FH		;and clear bits 7,6,5.
 2404 DA41  4F          	LD	C,A
 2405 DA42  78          	LD	A,B
 2406 DA43  87          	ADD	A,A		;now shift (B) into bits 7,6,5.
 2407 DA44  87          	ADD	A,A
 2408 DA45  87          	ADD	A,A
 2409 DA46  87          	ADD	A,A
 2410 DA47  87          	ADD	A,A
 2411 DA48  B1          	OR	C		;and add in (C).
 2412 DA49  4F          	LD	C,A		;ok, (C) ha been completed.
 2413 DA4A  78          	LD	A,B		;is there a better way of doing this?
 2414 DA4B  0F          	RRCA	
 2415 DA4C  0F          	RRCA	
 2416 DA4D  0F          	RRCA	
 2417 DA4E  E6 1F       	AND	1FH
 2418 DA50  47          	LD	B,A		;and now (B) is completed.
 2419                   ;
 2420                   ;   use this as an offset into the disk space allocation
 2421                   ; table.
 2422                   ;
 2423 DA51  2A E1BF     	LD	HL,(ALOCVECT)
 2424 DA54  09          	ADD	HL,BC
 2425 DA55  7E          	LD	A,(HL)		;now get correct byte.
 2426 DA56  07          CKBMAP1:RLCA			;get correct bit into position 0.
 2427 DA57  1D          	DEC	E
 2428 DA58  C2 DA56     	JP	NZ,CKBMAP1
 2429 DA5B  C9          	RET	
 2430                   ;
 2431                   ;   Set or clear the bit map such that block number (BC) will be marked
 2432                   ; as used. On entry, if (E)=0 then this bit will be cleared, if it equals
 2433                   ; 1 then it will be set (don't use anyother values).
 2434                   ;
 2435 DA5C  D5          STBITMAP: PUSH	DE
 2436 DA5D  CD DA35     	CALL	CKBITMAP	;get the byte of interest.
 2437 DA60  E6 FE       	AND	0FEH		;clear the affected bit.
Z80ASM SuperFast Relocating Macro Assembler     	    Z80ASM 1.32 Page  43
CPM22   Z80

 2438 DA62  C1          	POP	BC
 2439 DA63  B1          	OR	C		;and now set it acording to (C).
 2440                   ;
 2441                   ;  entry to restore the original bit position and then store
 2442                   ; in table. (A) contains the value, (D) contains the bit
 2443                   ; position (1-8), and (HL) points to the address within the
 2444                   ; space allocation table for this byte.
 2445                   ;
 2446 DA64  0F          STBMAP1:RRCA			;restore original bit position.
 2447 DA65  15          	DEC	D
 2448 DA66  C2 DA64     	JP	NZ,STBMAP1
 2449 DA69  77          	LD	(HL),A		;and stor byte in table.
 2450 DA6A  C9          	RET	
 2451                   ;
 2452                   ;   Set/clear space used bits in allocation map for this file.
 2453                   ; On entry, (C)=1 to set the map and (C)=0 to clear it.
 2454                   ;
 2455 DA6B  CD D95E     SETFILE:CALL	FCB2HL		;get address of fcb
 2456 DA6E  11 0010     	LD	DE,16
 2457 DA71  19          	ADD	HL,DE		;get to block number bytes.
 2458 DA72  C5          	PUSH	BC
 2459 DA73  0E 11       	LD	C,17		;check all 17 bytes (max) of table.
 2460 DA75  D1          SETFL1:	POP	DE
 2461 DA76  0D          	DEC	C		;done all bytes yet?
 2462 DA77  C8          	RET	Z
 2463 DA78  D5          	PUSH	DE
 2464 DA79  3A E1DD     	LD	A,(BIGDISK)	;check disk size for 16 bit block numbers.
 2465 DA7C  B7          	OR	A
 2466 DA7D  CA DA88     	JP	Z,SETFL2
 2467 DA80  C5          	PUSH	BC		;only 8 bit numbers. set (BC) to this one.
 2468 DA81  E5          	PUSH	HL
 2469 DA82  4E          	LD	C,(HL)		;get low byte from table, always
 2470 DA83  06 00       	LD	B,0		;set high byte to zero.
 2471 DA85  C3 DA8E     	JP	SETFL3
 2472 DA88  0D          SETFL2:	DEC	C		;for 16 bit block numbers, adjust counter.
 2473 DA89  C5          	PUSH	BC
 2474 DA8A  4E          	LD	C,(HL)		;now get both the low and high bytes.
 2475 DA8B  23          	INC	HL
 2476 DA8C  46          	LD	B,(HL)
 2477 DA8D  E5          	PUSH	HL
 2478 DA8E  79          SETFL3:	LD	A,C		;block used?
 2479 DA8F  B0          	OR	B
 2480 DA90  CA DA9D     	JP	Z,SETFL4
 2481 DA93  2A E1C6     	LD	HL,(DSKSIZE)	;is this block number within the
 2482 DA96  7D          	LD	A,L		;space on the disk?
 2483 DA97  91          	SUB	C
 2484 DA98  7C          	LD	A,H
 2485 DA99  98          	SBC	A,B
 2486 DA9A  D4 DA5C     	CALL	NC,STBITMAP	;yes, set the proper bit.
 2487 DA9D  E1          SETFL4:	POP	HL		;point to next block number in fcb.
 2488 DA9E  23          	INC	HL
 2489 DA9F  C1          	POP	BC
 2490 DAA0  C3 DA75     	JP	SETFL1
 2491                   ;
 2492                   ;   Construct the space used allocation bit map for the active
 2493                   ; drive. If a file name starts with '$' and it is under the
 2494                   ; current user number, then (STATUS) is set to minus 1. Otherwise
 2495                   ; it is not set at all.
Z80ASM SuperFast Relocating Macro Assembler     	    Z80ASM 1.32 Page  44
CPM22   Z80

 2496                   ;
 2497 DAA3  2A E1C6     BITMAP:	LD	HL,(DSKSIZE)	;compute size of allocation table.
 2498 DAA6  0E 03       	LD	C,3
 2499 DAA8  CD D8EA     	CALL	SHIFTR		;(HL)=(HL)/8.
 2500 DAAB  23          	INC	HL		;at lease 1 byte.
 2501 DAAC  44          	LD	B,H
 2502 DAAD  4D          	LD	C,L		;set (BC) to the allocation table length.
 2503                   ;
 2504                   ;   Initialize the bitmap for this drive. Right now, the first
 2505                   ; two bytes are specified by the disk parameter block. However
 2506                   ; a patch could be entered here if it were necessary to setup
 2507                   ; this table in a special mannor. For example, the bios could
 2508                   ; determine locations of 'bad blocks' and set them as already
 2509                   ; 'used' in the map.
 2510                   ;
 2511 DAAE  2A E1BF     	LD	HL,(ALOCVECT)	;now zero out the table now.
 2512 DAB1  36 00       BITMAP1:LD	(HL),0
 2513 DAB3  23          	INC	HL
 2514 DAB4  0B          	DEC	BC
 2515 DAB5  78          	LD	A,B
 2516 DAB6  B1          	OR	C
 2517 DAB7  C2 DAB1     	JP	NZ,BITMAP1
 2518 DABA  2A E1CA     	LD	HL,(ALLOC0)	;get initial space used by directory.
 2519 DABD  EB          	EX	DE,HL
 2520 DABE  2A E1BF     	LD	HL,(ALOCVECT)	;and put this into map.
 2521 DAC1  73          	LD	(HL),E
 2522 DAC2  23          	INC	HL
 2523 DAC3  72          	LD	(HL),D
 2524                   ;
 2525                   ;   End of initialization portion.
 2526                   ;
 2527 DAC4  CD D7A1     	CALL	HOMEDRV		;now home the drive.
 2528 DAC7  2A E1B3     	LD	HL,(SCRATCH1)
 2529 DACA  36 03       	LD	(HL),3		;force next directory request to read
 2530 DACC  23          	INC	HL		;in a sector.
 2531 DACD  36 00       	LD	(HL),0
 2532 DACF  CD D9FE     	CALL	STFILPOS	;clear initial file position also.
 2533 DAD2  0E FF       BITMAP2:LD	C,0FFH		;read next file name in directory
 2534 DAD4  CD DA05     	CALL	NXENTRY		;and set checksum byte.
 2535 DAD7  CD D9F5     	CALL	CKFILPOS	;is there another file?
 2536 DADA  C8          	RET	Z
 2537 DADB  CD D95E     	CALL	FCB2HL		;yes, get its address.
 2538 DADE  3E E5       	LD	A,0E5H
 2539 DAE0  BE          	CP	(HL)		;empty file entry?
 2540 DAE1  CA DAD2     	JP	Z,BITMAP2
 2541 DAE4  3A D741     	LD	A,(USERNO)	;no, correct user number?
 2542 DAE7  BE          	CP	(HL)
 2543 DAE8  C2 DAF6     	JP	NZ,BITMAP3
 2544 DAEB  23          	INC	HL
 2545 DAEC  7E          	LD	A,(HL)		;yes, does name start with a '$'?
 2546 DAED  D6 24       	SUB	'$'
 2547 DAEF  C2 DAF6     	JP	NZ,BITMAP3
 2548 DAF2  3D          	DEC	A		;yes, set atatus to minus one.
 2549 DAF3  32 D745     	LD	(STATUS),A
 2550 DAF6  0E 01       BITMAP3:LD	C,1		;now set this file's space as used in bit map.
 2551 DAF8  CD DA6B     	CALL	SETFILE
 2552 DAFB  CD D98C     	CALL	CHKNMBR		;keep (SCRATCH1) in bounds.
 2553 DAFE  C3 DAD2     	JP	BITMAP2
Z80ASM SuperFast Relocating Macro Assembler     	    Z80ASM 1.32 Page  45
CPM22   Z80

 2554                   ;
 2555                   ;   Set the status (STATUS) and return.
 2556                   ;
 2557 DB01  3A E1D4     STSTATUS: LD	A,(FNDSTAT)
 2558 DB04  C3 D701     	JP	SETSTAT
 2559                   ;
 2560                   ;   Check extents in (A) and (C). Set the zero flag if they
 2561                   ; are the same. The number of 16k chunks of disk space that
 2562                   ; the directory extent covers is expressad is (EXTMASK+1).
 2563                   ; No registers are modified.
 2564                   ;
 2565 DB07  C5          SAMEXT:	PUSH	BC
 2566 DB08  F5          	PUSH	AF
 2567 DB09  3A E1C5     	LD	A,(EXTMASK)	;get extent mask and use it to
 2568 DB0C  2F          	CPL			;to compare both extent numbers.
 2569 DB0D  47          	LD	B,A		;save resulting mask here.
 2570 DB0E  79          	LD	A,C		;mask first extent and save in (C).
 2571 DB0F  A0          	AND	B
 2572 DB10  4F          	LD	C,A
 2573 DB11  F1          	POP	AF		;now mask second extent and compare
 2574 DB12  A0          	AND	B		;with the first one.
 2575 DB13  91          	SUB	C
 2576 DB14  E6 1F       	AND	1FH		;(* only check buts 0-4 *)
 2577 DB16  C1          	POP	BC		;the zero flag is set if they are the same.
 2578 DB17  C9          	RET			;restore (BC) and return.
 2579                   ;
 2580                   ;   Search for the first occurence of a file name. On entry,
 2581                   ; register (C) should contain the number of bytes of the fcb
 2582                   ; that must match.
 2583                   ;
 2584 DB18  3E FF       FINDFST:LD	A,0FFH
 2585 DB1A  32 E1D4     	LD	(FNDSTAT),A
 2586 DB1D  21 E1D8     	LD	HL,COUNTER	;save character count.
 2587 DB20  71          	LD	(HL),C
 2588 DB21  2A D743     	LD	HL,(PARAMS)	;get filename to match.
 2589 DB24  22 E1D9     	LD	(SAVEFCB),HL	;and save.
 2590 DB27  CD D9FE     	CALL	STFILPOS	;clear initial file position (set to 0ffffh).
 2591 DB2A  CD D7A1     	CALL	HOMEDRV		;home the drive.
 2592                   ;
 2593                   ;   Entry to locate the next occurence of a filename within the
 2594                   ; directory. The disk is not expected to have been changed. If
 2595                   ; it was, then it will be write protected.
 2596                   ;
 2597 DB2D  0E 00       FINDNXT:LD	C,0		;write protect the disk if changed.
 2598 DB2F  CD DA05     	CALL	NXENTRY		;get next filename entry in directory.
 2599 DB32  CD D9F5     	CALL	CKFILPOS	;is file position = 0ffffh?
 2600 DB35  CA DB94     	JP	Z,FNDNXT6	;yes, exit now then.
 2601 DB38  2A E1D9     	LD	HL,(SAVEFCB)	;set (DE) pointing to filename to match.
 2602 DB3B  EB          	EX	DE,HL
 2603 DB3C  1A          	LD	A,(DE)
 2604 DB3D  FE E5       	CP	0E5H		;empty directory entry?
 2605 DB3F  CA DB4A     	JP	Z,FNDNXT1	;(* are we trying to reserect erased entries? *)
 2606 DB42  D5          	PUSH	DE
 2607 DB43  CD D97F     	CALL	MOREFLS		;more files in directory?
 2608 DB46  D1          	POP	DE
 2609 DB47  D2 DB94     	JP	NC,FNDNXT6	;no more. Exit now.
 2610 DB4A  CD D95E     FNDNXT1:CALL	FCB2HL		;get address of this fcb in directory.
 2611 DB4D  3A E1D8     	LD	A,(COUNTER)	;get number of bytes (characters) to check.
Z80ASM SuperFast Relocating Macro Assembler     	    Z80ASM 1.32 Page  46
CPM22   Z80

 2612 DB50  4F          	LD	C,A
 2613 DB51  06 00       	LD	B,0		;initialize byte position counter.
 2614 DB53  79          FNDNXT2:LD	A,C		;are we done with the compare?
 2615 DB54  B7          	OR	A
 2616 DB55  CA DB83     	JP	Z,FNDNXT5
 2617 DB58  1A          	LD	A,(DE)		;no, check next byte.
 2618 DB59  FE 3F       	CP	'?'		;don't care about this character?
 2619 DB5B  CA DB7C     	JP	Z,FNDNXT4
 2620 DB5E  78          	LD	A,B		;get bytes position in fcb.
 2621 DB5F  FE 0D       	CP	13		;don't care about the thirteenth byte either.
 2622 DB61  CA DB7C     	JP	Z,FNDNXT4
 2623 DB64  FE 0C       	CP	12		;extent byte?
 2624 DB66  1A          	LD	A,(DE)
 2625 DB67  CA DB73     	JP	Z,FNDNXT3
 2626 DB6A  96          	SUB	(HL)		;otherwise compare characters.
 2627 DB6B  E6 7F       	AND	7FH
 2628 DB6D  C2 DB2D     	JP	NZ,FINDNXT	;not the same, check next entry.
 2629 DB70  C3 DB7C     	JP	FNDNXT4		;so far so good, keep checking.
 2630 DB73  C5          FNDNXT3:PUSH	BC		;check the extent byte here.
 2631 DB74  4E          	LD	C,(HL)
 2632 DB75  CD DB07     	CALL	SAMEXT
 2633 DB78  C1          	POP	BC
 2634 DB79  C2 DB2D     	JP	NZ,FINDNXT	;not the same, look some more.
 2635                   ;
 2636                   ;   So far the names compare. Bump pointers to the next byte
 2637                   ; and continue until all (C) characters have been checked.
 2638                   ;
 2639 DB7C  13          FNDNXT4:INC	DE		;bump pointers.
 2640 DB7D  23          	INC	HL
 2641 DB7E  04          	INC	B
 2642 DB7F  0D          	DEC	C		;adjust character counter.
 2643 DB80  C3 DB53     	JP	FNDNXT2
 2644 DB83  3A E1EA     FNDNXT5:LD	A,(FILEPOS)	;return the position of this entry.
 2645 DB86  E6 03       	AND	03H
 2646 DB88  32 D745     	LD	(STATUS),A
 2647 DB8B  21 E1D4     	LD	HL,FNDSTAT
 2648 DB8E  7E          	LD	A,(HL)
 2649 DB8F  17          	RLA	
 2650 DB90  D0          	RET	NC
 2651 DB91  AF          	XOR	A
 2652 DB92  77          	LD	(HL),A
 2653 DB93  C9          	RET	
 2654                   ;
 2655                   ;   Filename was not found. Set appropriate status.
 2656                   ;
 2657 DB94  CD D9FE     FNDNXT6:CALL	STFILPOS	;set (FILEPOS) to 0ffffh.
 2658 DB97  3E FF       	LD	A,0FFH		;say not located.
 2659 DB99  C3 D701     	JP	SETSTAT
 2660                   ;
 2661                   ;   Erase files from the directory. Only the first byte of the
 2662                   ; fcb will be affected. It is set to (E5).
 2663                   ;
 2664 DB9C  CD D954     ERAFILE:CALL	CHKWPRT		;is disk write protected?
 2665 DB9F  0E 0C       	LD	C,12		;only compare file names.
 2666 DBA1  CD DB18     	CALL	FINDFST		;get first file name.
 2667 DBA4  CD D9F5     ERAFIL1:CALL	CKFILPOS	;any found?
 2668 DBA7  C8          	RET	Z		;nope, we must be done.
 2669 DBA8  CD D944     	CALL	CHKROFL		;is file read only?
Z80ASM SuperFast Relocating Macro Assembler     	    Z80ASM 1.32 Page  47
CPM22   Z80

 2670 DBAB  CD D95E     	CALL	FCB2HL		;nope, get address of fcb and
 2671 DBAE  36 E5       	LD	(HL),0E5H	;set first byte to 'empty'.
 2672 DBB0  0E 00       	LD	C,0		;clear the space from the bit map.
 2673 DBB2  CD DA6B     	CALL	SETFILE
 2674 DBB5  CD D9C6     	CALL	DIRWRITE	;now write the directory sector back out.
 2675 DBB8  CD DB2D     	CALL	FINDNXT		;find the next file name.
 2676 DBBB  C3 DBA4     	JP	ERAFIL1		;and repeat process.
 2677                   ;
 2678                   ;   Look through the space allocation map (bit map) for the
 2679                   ; next available block. Start searching at block number (BC-1).
 2680                   ; The search procedure is to look for an empty block that is
 2681                   ; before the starting block. If not empty, look at a later
 2682                   ; block number. In this way, we return the closest empty block
 2683                   ; on either side of the 'target' block number. This will speed
 2684                   ; access on random devices. For serial devices, this should be
 2685                   ; changed to look in the forward direction first and then start
 2686                   ; at the front and search some more.
 2687                   ;
 2688                   ;   On return, (DE)= block number that is empty and (HL) =0
 2689                   ; if no empry block was found.
 2690                   ;
 2691 DBBE  50          FNDSPACE: LD	D,B		;set (DE) as the block that is checked.
 2692 DBBF  59          	LD	E,C
 2693                   ;
 2694                   ;   Look before target block. Registers (BC) are used as the lower
 2695                   ; pointer and (DE) as the upper pointer.
 2696                   ;
 2697 DBC0  79          FNDSPA1:LD	A,C		;is block 0 specified?
 2698 DBC1  B0          	OR	B
 2699 DBC2  CA DBD1     	JP	Z,FNDSPA2
 2700 DBC5  0B          	DEC	BC		;nope, check previous block.
 2701 DBC6  D5          	PUSH	DE
 2702 DBC7  C5          	PUSH	BC
 2703 DBC8  CD DA35     	CALL	CKBITMAP
 2704 DBCB  1F          	RRA			;is this block empty?
 2705 DBCC  D2 DBEC     	JP	NC,FNDSPA3	;yes. use this.
 2706                   ;
 2707                   ;   Note that the above logic gets the first block that it finds
 2708                   ; that is empty. Thus a file could be written 'backward' making
 2709                   ; it very slow to access. This could be changed to look for the
 2710                   ; first empty block and then continue until the start of this
 2711                   ; empty space is located and then used that starting block.
 2712                   ; This should help speed up access to some files especially on
 2713                   ; a well used disk with lots of fairly small 'holes'.
 2714                   ;
 2715 DBCF  C1          	POP	BC		;nope, check some more.
 2716 DBD0  D1          	POP	DE
 2717                   ;
 2718                   ;   Now look after target block.
 2719                   ;
 2720 DBD1  2A E1C6     FNDSPA2:LD	HL,(DSKSIZE)	;is block (DE) within disk limits?
 2721 DBD4  7B          	LD	A,E
 2722 DBD5  95          	SUB	L
 2723 DBD6  7A          	LD	A,D
 2724 DBD7  9C          	SBC	A,H
 2725 DBD8  D2 DBF4     	JP	NC,FNDSPA4
 2726 DBDB  13          	INC	DE		;yes, move on to next one.
 2727 DBDC  C5          	PUSH	BC
Z80ASM SuperFast Relocating Macro Assembler     	    Z80ASM 1.32 Page  48
CPM22   Z80

 2728 DBDD  D5          	PUSH	DE
 2729 DBDE  42          	LD	B,D
 2730 DBDF  4B          	LD	C,E
 2731 DBE0  CD DA35     	CALL	CKBITMAP	;check it.
 2732 DBE3  1F          	RRA			;empty?
 2733 DBE4  D2 DBEC     	JP	NC,FNDSPA3
 2734 DBE7  D1          	POP	DE		;nope, continue searching.
 2735 DBE8  C1          	POP	BC
 2736 DBE9  C3 DBC0     	JP	FNDSPA1
 2737                   ;
 2738                   ;   Empty block found. Set it as used and return with (HL)
 2739                   ; pointing to it (true?).
 2740                   ;
 2741 DBEC  17          FNDSPA3:RLA			;reset byte.
 2742 DBED  3C          	INC	A		;and set bit 0.
 2743 DBEE  CD DA64     	CALL	STBMAP1		;update bit map.
 2744 DBF1  E1          	POP	HL		;set return registers.
 2745 DBF2  D1          	POP	DE
 2746 DBF3  C9          	RET	
 2747                   ;
 2748                   ;   Free block was not found. If (BC) is not zero, then we have
 2749                   ; not checked all of the disk space.
 2750                   ;
 2751 DBF4  79          FNDSPA4:LD	A,C
 2752 DBF5  B0          	OR	B
 2753 DBF6  C2 DBC0     	JP	NZ,FNDSPA1
 2754 DBF9  21 0000     	LD	HL,0		;set 'not found' status.
 2755 DBFC  C9          	RET	
 2756                   ;
 2757                   ;   Move a complete fcb entry into the directory and write it.
 2758                   ;
 2759 DBFD  0E 00       FCBSET:	LD	C,0
 2760 DBFF  1E 20       	LD	E,32		;length of each entry.
 2761                   ;
 2762                   ;   Move (E) bytes from the fcb pointed to by (PARAMS) into
 2763                   ; fcb in directory starting at relative byte (C). This updated
 2764                   ; directory buffer is then written to the disk.
 2765                   ;
 2766 DC01  D5          UPDATE:	PUSH	DE
 2767 DC02  06 00       	LD	B,0		;set (BC) to relative byte position.
 2768 DC04  2A D743     	LD	HL,(PARAMS)	;get address of fcb.
 2769 DC07  09          	ADD	HL,BC		;compute starting byte.
 2770 DC08  EB          	EX	DE,HL
 2771 DC09  CD D95E     	CALL	FCB2HL		;get address of fcb to update in directory.
 2772 DC0C  C1          	POP	BC		;set (C) to number of bytes to change.
 2773 DC0D  CD D74F     	CALL	DE2HL
 2774 DC10  CD D7C3     UPDATE1:CALL	TRKSEC		;determine the track and sector affected.
 2775 DC13  C3 D9C6     	JP	DIRWRITE	;then write this sector out.
 2776                   ;
 2777                   ;   Routine to change the name of all files on the disk with a
 2778                   ; specified name. The fcb contains the current name as the
 2779                   ; first 12 characters and the new name 16 bytes into the fcb.
 2780                   ;
 2781 DC16  CD D954     CHGNAMES: CALL	CHKWPRT		;check for a write protected disk.
 2782 DC19  0E 0C       	LD	C,12		;match first 12 bytes of fcb only.
 2783 DC1B  CD DB18     	CALL	FINDFST		;get first name.
 2784 DC1E  2A D743     	LD	HL,(PARAMS)	;get address of fcb.
 2785 DC21  7E          	LD	A,(HL)		;get user number.
Z80ASM SuperFast Relocating Macro Assembler     	    Z80ASM 1.32 Page  49
CPM22   Z80

 2786 DC22  11 0010     	LD	DE,16		;move over to desired name.
 2787 DC25  19          	ADD	HL,DE
 2788 DC26  77          	LD	(HL),A		;keep same user number.
 2789 DC27  CD D9F5     CHGNAM1:CALL	CKFILPOS	;any matching file found?
 2790 DC2A  C8          	RET	Z		;no, we must be done.
 2791 DC2B  CD D944     	CALL	CHKROFL		;check for read only file.
 2792 DC2E  0E 10       	LD	C,16		;start 16 bytes into fcb.
 2793 DC30  1E 0C       	LD	E,12		;and update the first 12 bytes of directory.
 2794 DC32  CD DC01     	CALL	UPDATE
 2795 DC35  CD DB2D     	CALL	FINDNXT		;get te next file name.
 2796 DC38  C3 DC27     	JP	CHGNAM1		;and continue.
 2797                   ;
 2798                   ;   Update a files attributes. The procedure is to search for
 2799                   ; every file with the same name as shown in fcb (ignoring bit 7)
 2800                   ; and then to update it (which includes bit 7). No other changes
 2801                   ; are made.
 2802                   ;
 2803 DC3B  0E 0C       SAVEATTR: LD	C,12		;match first 12 bytes.
 2804 DC3D  CD DB18     	CALL	FINDFST		;look for first filename.
 2805 DC40  CD D9F5     SAVATR1:CALL	CKFILPOS	;was one found?
 2806 DC43  C8          	RET	Z		;nope, we must be done.
 2807 DC44  0E 00       	LD	C,0		;yes, update the first 12 bytes now.
 2808 DC46  1E 0C       	LD	E,12
 2809 DC48  CD DC01     	CALL	UPDATE		;update filename and write directory.
 2810 DC4B  CD DB2D     	CALL	FINDNXT		;and get the next file.
 2811 DC4E  C3 DC40     	JP	SAVATR1		;then continue until done.
 2812                   ;
 2813                   ;  Open a file (name specified in fcb).
 2814                   ;
 2815 DC51  0E 0F       OPENIT:	LD	C,15		;compare the first 15 bytes.
 2816 DC53  CD DB18     	CALL	FINDFST		;get the first one in directory.
 2817 DC56  CD D9F5     	CALL	CKFILPOS	;any at all?
 2818 DC59  C8          	RET	Z
 2819 DC5A  CD D8A6     OPENIT1:CALL	SETEXT		;point to extent byte within users fcb.
 2820 DC5D  7E          	LD	A,(HL)		;and get it.
 2821 DC5E  F5          	PUSH	AF		;save it and address.
 2822 DC5F  E5          	PUSH	HL
 2823 DC60  CD D95E     	CALL	FCB2HL		;point to fcb in directory.
 2824 DC63  EB          	EX	DE,HL
 2825 DC64  2A D743     	LD	HL,(PARAMS)	;this is the users copy.
 2826 DC67  0E 20       	LD	C,32		;move it into users space.
 2827 DC69  D5          	PUSH	DE
 2828 DC6A  CD D74F     	CALL	DE2HL
 2829 DC6D  CD D978     	CALL	SETS2B7		;set bit 7 in 's2' byte (unmodified).
 2830 DC70  D1          	POP	DE		;now get the extent byte from this fcb.
 2831 DC71  21 000C     	LD	HL,12
 2832 DC74  19          	ADD	HL,DE
 2833 DC75  4E          	LD	C,(HL)		;into (C).
 2834 DC76  21 000F     	LD	HL,15		;now get the record count byte into (B).
 2835 DC79  19          	ADD	HL,DE
 2836 DC7A  46          	LD	B,(HL)
 2837 DC7B  E1          	POP	HL		;keep the same extent as the user had originally.
 2838 DC7C  F1          	POP	AF
 2839 DC7D  77          	LD	(HL),A
 2840 DC7E  79          	LD	A,C		;is it the same as in the directory fcb?
 2841 DC7F  BE          	CP	(HL)
 2842 DC80  78          	LD	A,B		;if yes, then use the same record count.
 2843 DC81  CA DC8B     	JP	Z,OPENIT2
Z80ASM SuperFast Relocating Macro Assembler     	    Z80ASM 1.32 Page  50
CPM22   Z80

 2844 DC84  3E 00       	LD	A,0		;if the user specified an extent greater than
 2845 DC86  DA DC8B     	JP	C,OPENIT2	;the one in the directory, then set record count to 0.
 2846 DC89  3E 80       	LD	A,128		;otherwise set to maximum.
 2847 DC8B  2A D743     OPENIT2:LD	HL,(PARAMS)	;set record count in users fcb to (A).
 2848 DC8E  11 000F     	LD	DE,15
 2849 DC91  19          	ADD	HL,DE		;compute relative position.
 2850 DC92  77          	LD	(HL),A		;and set the record count.
 2851 DC93  C9          	RET	
 2852                   ;
 2853                   ;   Move two bytes from (DE) to (HL) if (and only if) (HL)
 2854                   ; point to a zero value (16 bit).
 2855                   ;   Return with zero flag set it (DE) was moved. Registers (DE)
 2856                   ; and (HL) are not changed. However (A) is.
 2857                   ;
 2858 DC94  7E          MOVEWORD: LD	A,(HL)		;check for a zero word.
 2859 DC95  23          	INC	HL
 2860 DC96  B6          	OR	(HL)		;both bytes zero?
 2861 DC97  2B          	DEC	HL
 2862 DC98  C0          	RET	NZ		;nope, just return.
 2863 DC99  1A          	LD	A,(DE)		;yes, move two bytes from (DE) into
 2864 DC9A  77          	LD	(HL),A		;this zero space.
 2865 DC9B  13          	INC	DE
 2866 DC9C  23          	INC	HL
 2867 DC9D  1A          	LD	A,(DE)
 2868 DC9E  77          	LD	(HL),A
 2869 DC9F  1B          	DEC	DE		;don't disturb these registers.
 2870 DCA0  2B          	DEC	HL
 2871 DCA1  C9          	RET	
 2872                   ;
 2873                   ;   Get here to close a file specified by (fcb).
 2874                   ;
 2875 DCA2  AF          CLOSEIT:XOR	A		;clear status and file position bytes.
 2876 DCA3  32 D745     	LD	(STATUS),A
 2877 DCA6  32 E1EA     	LD	(FILEPOS),A
 2878 DCA9  32 E1EB     	LD	(FILEPOS+1),A
 2879 DCAC  CD D91E     	CALL	GETWPRT		;get write protect bit for this drive.
 2880 DCAF  C0          	RET	NZ		;just return if it is set.
 2881 DCB0  CD D969     	CALL	GETS2		;else get the 's2' byte.
 2882 DCB3  E6 80       	AND	80H		;and look at bit 7 (file unmodified?).
 2883 DCB5  C0          	RET	NZ		;just return if set.
 2884 DCB6  0E 0F       	LD	C,15		;else look up this file in directory.
 2885 DCB8  CD DB18     	CALL	FINDFST
 2886 DCBB  CD D9F5     	CALL	CKFILPOS	;was it found?
 2887 DCBE  C8          	RET	Z		;just return if not.
 2888 DCBF  01 0010     	LD	BC,16		;set (HL) pointing to records used section.
 2889 DCC2  CD D95E     	CALL	FCB2HL
 2890 DCC5  09          	ADD	HL,BC
 2891 DCC6  EB          	EX	DE,HL
 2892 DCC7  2A D743     	LD	HL,(PARAMS)	;do the same for users specified fcb.
 2893 DCCA  09          	ADD	HL,BC
 2894 DCCB  0E 10       	LD	C,16		;this many bytes are present in this extent.
 2895 DCCD  3A E1DD     CLOSEIT1: LD	A,(BIGDISK)	;8 or 16 bit record numbers?
 2896 DCD0  B7          	OR	A
 2897 DCD1  CA DCE8     	JP	Z,CLOSEIT4
 2898 DCD4  7E          	LD	A,(HL)		;just 8 bit. Get one from users fcb.
 2899 DCD5  B7          	OR	A
 2900 DCD6  1A          	LD	A,(DE)		;now get one from directory fcb.
 2901 DCD7  C2 DCDB     	JP	NZ,CLOSEIT2
Z80ASM SuperFast Relocating Macro Assembler     	    Z80ASM 1.32 Page  51
CPM22   Z80

 2902 DCDA  77          	LD	(HL),A		;users byte was zero. Update from directory.
 2903 DCDB  B7          CLOSEIT2: OR	A
 2904 DCDC  C2 DCE1     	JP	NZ,CLOSEIT3
 2905 DCDF  7E          	LD	A,(HL)		;directories byte was zero, update from users fcb.
 2906 DCE0  12          	LD	(DE),A
 2907 DCE1  BE          CLOSEIT3: CP	(HL)		;if neither one of these bytes were zero,
 2908 DCE2  C2 DD1F     	JP	NZ,CLOSEIT7	;then close error if they are not the same.
 2909 DCE5  C3 DCFD     	JP	CLOSEIT5	;ok so far, get to next byte in fcbs.
 2910 DCE8  CD DC94     CLOSEIT4: CALL	MOVEWORD	;update users fcb if it is zero.
 2911 DCEB  EB          	EX	DE,HL
 2912 DCEC  CD DC94     	CALL	MOVEWORD	;update directories fcb if it is zero.
 2913 DCEF  EB          	EX	DE,HL
 2914 DCF0  1A          	LD	A,(DE)		;if these two values are no different,
 2915 DCF1  BE          	CP	(HL)		;then a close error occured.
 2916 DCF2  C2 DD1F     	JP	NZ,CLOSEIT7
 2917 DCF5  13          	INC	DE		;check second byte.
 2918 DCF6  23          	INC	HL
 2919 DCF7  1A          	LD	A,(DE)
 2920 DCF8  BE          	CP	(HL)
 2921 DCF9  C2 DD1F     	JP	NZ,CLOSEIT7
 2922 DCFC  0D          	DEC	C		;remember 16 bit values.
 2923 DCFD  13          CLOSEIT5: INC	DE		;bump to next item in table.
 2924 DCFE  23          	INC	HL
 2925 DCFF  0D          	DEC	C		;there are 16 entries only.
 2926 DD00  C2 DCCD     	JP	NZ,CLOSEIT1	;continue if more to do.
 2927 DD03  01 FFEC     	LD	BC,0FFECH	;backup 20 places (extent byte).
 2928 DD06  09          	ADD	HL,BC
 2929 DD07  EB          	EX	DE,HL
 2930 DD08  09          	ADD	HL,BC
 2931 DD09  1A          	LD	A,(DE)
 2932 DD0A  BE          	CP	(HL)		;directory's extent already greater than the
 2933 DD0B  DA DD17     	JP	C,CLOSEIT6	;users extent?
 2934 DD0E  77          	LD	(HL),A		;no, update directory extent.
 2935 DD0F  01 0003     	LD	BC,3		;and update the record count byte in
 2936 DD12  09          	ADD	HL,BC		;directories fcb.
 2937 DD13  EB          	EX	DE,HL
 2938 DD14  09          	ADD	HL,BC
 2939 DD15  7E          	LD	A,(HL)		;get from user.
 2940 DD16  12          	LD	(DE),A		;and put in directory.
 2941 DD17  3E FF       CLOSEIT6: LD	A,0FFH		;set 'was open and is now closed' byte.
 2942 DD19  32 E1D2     	LD	(CLOSEFLG),A
 2943 DD1C  C3 DC10     	JP	UPDATE1		;update the directory now.
 2944 DD1F  21 D745     CLOSEIT7: LD	HL,STATUS	;set return status and then return.
 2945 DD22  35          	DEC	(HL)
 2946 DD23  C9          	RET	
 2947                   ;
 2948                   ;   Routine to get the next empty space in the directory. It
 2949                   ; will then be cleared for use.
 2950                   ;
 2951 DD24  CD D954     GETEMPTY: CALL	CHKWPRT		;make sure disk is not write protected.
 2952 DD27  2A D743     	LD	HL,(PARAMS)	;save current parameters (fcb).
 2953 DD2A  E5          	PUSH	HL
 2954 DD2B  21 E1AC     	LD	HL,EMPTYFCB	;use special one for empty space.
 2955 DD2E  22 D743     	LD	(PARAMS),HL
 2956 DD31  0E 01       	LD	C,1		;search for first empty spot in directory.
 2957 DD33  CD DB18     	CALL	FINDFST		;(* only check first byte *)
 2958 DD36  CD D9F5     	CALL	CKFILPOS	;none?
 2959 DD39  E1          	POP	HL
Z80ASM SuperFast Relocating Macro Assembler     	    Z80ASM 1.32 Page  52
CPM22   Z80

 2960 DD3A  22 D743     	LD	(PARAMS),HL	;restore original fcb address.
 2961 DD3D  C8          	RET	Z		;return if no more space.
 2962 DD3E  EB          	EX	DE,HL
 2963 DD3F  21 000F     	LD	HL,15		;point to number of records for this file.
 2964 DD42  19          	ADD	HL,DE
 2965 DD43  0E 11       	LD	C,17		;and clear all of this space.
 2966 DD45  AF          	XOR	A
 2967 DD46  77          GETMT1:	LD	(HL),A
 2968 DD47  23          	INC	HL
 2969 DD48  0D          	DEC	C
 2970 DD49  C2 DD46     	JP	NZ,GETMT1
 2971 DD4C  21 000D     	LD	HL,13		;clear the 's1' byte also.
 2972 DD4F  19          	ADD	HL,DE
 2973 DD50  77          	LD	(HL),A
 2974 DD51  CD D98C     	CALL	CHKNMBR		;keep (SCRATCH1) within bounds.
 2975 DD54  CD DBFD     	CALL	FCBSET		;write out this fcb entry to directory.
 2976 DD57  C3 D978     	JP	SETS2B7		;set 's2' byte bit 7 (unmodified at present).
 2977                   ;
 2978                   ;   Routine to close the current extent and open the next one
 2979                   ; for reading.
 2980                   ;
 2981 DD5A  AF          GETNEXT:XOR	A
 2982 DD5B  32 E1D2     	LD	(CLOSEFLG),A	;clear close flag.
 2983 DD5E  CD DCA2     	CALL	CLOSEIT		;close this extent.
 2984 DD61  CD D9F5     	CALL	CKFILPOS
 2985 DD64  C8          	RET	Z		;not there???
 2986 DD65  2A D743     	LD	HL,(PARAMS)	;get extent byte.
 2987 DD68  01 000C     	LD	BC,12
 2988 DD6B  09          	ADD	HL,BC
 2989 DD6C  7E          	LD	A,(HL)		;and increment it.
 2990 DD6D  3C          	INC	A
 2991 DD6E  E6 1F       	AND	1FH		;keep within range 0-31.
 2992 DD70  77          	LD	(HL),A
 2993 DD71  CA DD83     	JP	Z,GTNEXT1	;overflow?
 2994 DD74  47          	LD	B,A		;mask extent byte.
 2995 DD75  3A E1C5     	LD	A,(EXTMASK)
 2996 DD78  A0          	AND	B
 2997 DD79  21 E1D2     	LD	HL,CLOSEFLG	;check close flag (0ffh is ok).
 2998 DD7C  A6          	AND	(HL)
 2999 DD7D  CA DD8E     	JP	Z,GTNEXT2	;if zero, we must read in next extent.
 3000 DD80  C3 DDAC     	JP	GTNEXT3		;else, it is already in memory.
 3001 DD83  01 0002     GTNEXT1:LD	BC,2		;Point to the 's2' byte.
 3002 DD86  09          	ADD	HL,BC
 3003 DD87  34          	INC	(HL)		;and bump it.
 3004 DD88  7E          	LD	A,(HL)		;too many extents?
 3005 DD89  E6 0F       	AND	0FH
 3006 DD8B  CA DDB6     	JP	Z,GTNEXT5	;yes, set error code.
 3007                   ;
 3008                   ;   Get here to open the next extent.
 3009                   ;
 3010 DD8E  0E 0F       GTNEXT2:LD	C,15		;set to check first 15 bytes of fcb.
 3011 DD90  CD DB18     	CALL	FINDFST		;find the first one.
 3012 DD93  CD D9F5     	CALL	CKFILPOS	;none available?
 3013 DD96  C2 DDAC     	JP	NZ,GTNEXT3
 3014 DD99  3A E1D3     	LD	A,(RDWRTFLG)	;no extent present. Can we open an empty one?
 3015 DD9C  3C          	INC	A		;0ffh means reading (so not possible).
 3016 DD9D  CA DDB6     	JP	Z,GTNEXT5	;or an error.
 3017 DDA0  CD DD24     	CALL	GETEMPTY	;we are writing, get an empty entry.
Z80ASM SuperFast Relocating Macro Assembler     	    Z80ASM 1.32 Page  53
CPM22   Z80

 3018 DDA3  CD D9F5     	CALL	CKFILPOS	;none?
 3019 DDA6  CA DDB6     	JP	Z,GTNEXT5	;error if true.
 3020 DDA9  C3 DDAF     	JP	GTNEXT4		;else we are almost done.
 3021 DDAC  CD DC5A     GTNEXT3:CALL	OPENIT1		;open this extent.
 3022 DDAF  CD D8BB     GTNEXT4:CALL	STRDATA		;move in updated data (rec #, extent #, etc.)
 3023 DDB2  AF          	XOR	A		;clear status and return.
 3024 DDB3  C3 D701     	JP	SETSTAT
 3025                   ;
 3026                   ;   Error in extending the file. Too many extents were needed
 3027                   ; or not enough space on the disk.
 3028                   ;
 3029 DDB6  CD D705     GTNEXT5:CALL	IOERR1		;set error code, clear bit 7 of 's2'
 3030 DDB9  C3 D978     	JP	SETS2B7		;so this is not written on a close.
 3031                   ;
 3032                   ;   Read a sequential file.
 3033                   ;
 3034 DDBC  3E 01       RDSEQ:	LD	A,1		;set sequential access mode.
 3035 DDBE  32 E1D5     	LD	(MODE),A
 3036 DDC1  3E FF       RDSEQ1:	LD	A,0FFH		;don't allow reading unwritten space.
 3037 DDC3  32 E1D3     	LD	(RDWRTFLG),A
 3038 DDC6  CD D8BB     	CALL	STRDATA		;put rec# and ext# into fcb.
 3039 DDC9  3A E1E3     	LD	A,(SAVNREC)	;get next record to read.
 3040 DDCC  21 E1E1     	LD	HL,SAVNXT	;get number of records in extent.
 3041 DDCF  BE          	CP	(HL)		;within this extent?
 3042 DDD0  DA DDE6     	JP	C,RDSEQ2
 3043 DDD3  FE 80       	CP	128		;no. Is this extent fully used?
 3044 DDD5  C2 DDFB     	JP	NZ,RDSEQ3	;no. End-of-file.
 3045 DDD8  CD DD5A     	CALL	GETNEXT		;yes, open the next one.
 3046 DDDB  AF          	XOR	A		;reset next record to read.
 3047 DDDC  32 E1E3     	LD	(SAVNREC),A
 3048 DDDF  3A D745     	LD	A,(STATUS)	;check on open, successful?
 3049 DDE2  B7          	OR	A
 3050 DDE3  C2 DDFB     	JP	NZ,RDSEQ3	;no, error.
 3051 DDE6  CD D877     RDSEQ2:	CALL	COMBLK		;ok. compute block number to read.
 3052 DDE9  CD D884     	CALL	CHKBLK		;check it. Within bounds?
 3053 DDEC  CA DDFB     	JP	Z,RDSEQ3	;no, error.
 3054 DDEF  CD D88A     	CALL	LOGICAL		;convert (BLKNMBR) to logical sector (128 byte).
 3055 DDF2  CD D7D1     	CALL	TRKSEC1		;set the track and sector for this block #.
 3056 DDF5  CD D7B2     	CALL	DOREAD		;and read it.
 3057 DDF8  C3 D8D2     	JP	SETNREC		;and set the next record to be accessed.
 3058                   ;
 3059                   ;   Read error occured. Set status and return.
 3060                   ;
 3061 DDFB  C3 D705     RDSEQ3:	JP	IOERR1
 3062                   ;
 3063                   ;   Write the next sequential record.
 3064                   ;
 3065 DDFE  3E 01       WTSEQ:	LD	A,1		;set sequential access mode.
 3066 DE00  32 E1D5     	LD	(MODE),A
 3067 DE03  3E 00       WTSEQ1:	LD	A,0		;allow an addition empty extent to be opened.
 3068 DE05  32 E1D3     	LD	(RDWRTFLG),A
 3069 DE08  CD D954     	CALL	CHKWPRT		;check write protect status.
 3070 DE0B  2A D743     	LD	HL,(PARAMS)
 3071 DE0E  CD D947     	CALL	CKROF1		;check for read only file, (HL) already set to fcb.
 3072 DE11  CD D8BB     	CALL	STRDATA		;put updated data into fcb.
 3073 DE14  3A E1E3     	LD	A,(SAVNREC)	;get record number to write.
 3074 DE17  FE 80       	CP	128		;within range?
 3075 DE19  D2 D705     	JP	NC,IOERR1	;no, error(?).
Z80ASM SuperFast Relocating Macro Assembler     	    Z80ASM 1.32 Page  54
CPM22   Z80

 3076 DE1C  CD D877     	CALL	COMBLK		;compute block number.
 3077 DE1F  CD D884     	CALL	CHKBLK		;check number.
 3078 DE22  0E 00       	LD	C,0		;is there one to write to?
 3079 DE24  C2 DE6E     	JP	NZ,WTSEQ6	;yes, go do it.
 3080 DE27  CD D83E     	CALL	GETBLOCK	;get next block number within fcb to use.
 3081 DE2A  32 E1D7     	LD	(RELBLOCK),A	;and save.
 3082 DE2D  01 0000     	LD	BC,0		;start looking for space from the start
 3083 DE30  B7          	OR	A		;if none allocated as yet.
 3084 DE31  CA DE3B     	JP	Z,WTSEQ2
 3085 DE34  4F          	LD	C,A		;extract previous block number from fcb
 3086 DE35  0B          	DEC	BC		;so we can be closest to it.
 3087 DE36  CD D85E     	CALL	EXTBLK
 3088 DE39  44          	LD	B,H
 3089 DE3A  4D          	LD	C,L
 3090 DE3B  CD DBBE     WTSEQ2:	CALL	FNDSPACE	;find the next empty block nearest number (BC).
 3091 DE3E  7D          	LD	A,L		;check for a zero number.
 3092 DE3F  B4          	OR	H
 3093 DE40  C2 DE48     	JP	NZ,WTSEQ3
 3094 DE43  3E 02       	LD	A,2		;no more space?
 3095 DE45  C3 D701     	JP	SETSTAT
 3096 DE48  22 E1E5     WTSEQ3:	LD	(BLKNMBR),HL	;save block number to access.
 3097 DE4B  EB          	EX	DE,HL		;put block number into (DE).
 3098 DE4C  2A D743     	LD	HL,(PARAMS)	;now we must update the fcb for this
 3099 DE4F  01 0010     	LD	BC,16		;newly allocated block.
 3100 DE52  09          	ADD	HL,BC
 3101 DE53  3A E1DD     	LD	A,(BIGDISK)	;8 or 16 bit block numbers?
 3102 DE56  B7          	OR	A
 3103 DE57  3A E1D7     	LD	A,(RELBLOCK)	;(* update this entry *)
 3104 DE5A  CA DE64     	JP	Z,WTSEQ4	;zero means 16 bit ones.
 3105 DE5D  CD D964     	CALL	ADDA2HL		;(HL)=(HL)+(A)
 3106 DE60  73          	LD	(HL),E		;store new block number.
 3107 DE61  C3 DE6C     	JP	WTSEQ5
 3108 DE64  4F          WTSEQ4:	LD	C,A		;compute spot in this 16 bit table.
 3109 DE65  06 00       	LD	B,0
 3110 DE67  09          	ADD	HL,BC
 3111 DE68  09          	ADD	HL,BC
 3112 DE69  73          	LD	(HL),E		;stuff block number (DE) there.
 3113 DE6A  23          	INC	HL
 3114 DE6B  72          	LD	(HL),D
 3115 DE6C  0E 02       WTSEQ5:	LD	C,2		;set (C) to indicate writing to un-used disk space.
 3116 DE6E  3A D745     WTSEQ6:	LD	A,(STATUS)	;are we ok so far?
 3117 DE71  B7          	OR	A
 3118 DE72  C0          	RET	NZ
 3119 DE73  C5          	PUSH	BC		;yes, save write flag for bios (register C).
 3120 DE74  CD D88A     	CALL	LOGICAL		;convert (BLKNMBR) over to loical sectors.
 3121 DE77  3A E1D5     	LD	A,(MODE)	;get access mode flag (1=sequential,
 3122 DE7A  3D          	DEC	A		;0=random, 2=special?).
 3123 DE7B  3D          	DEC	A
 3124 DE7C  C2 DEBB     	JP	NZ,WTSEQ9
 3125                   ;
 3126                   ;   Special random i/o from function #40. Maybe for M/PM, but the
 3127                   ; current block, if it has not been written to, will be zeroed
 3128                   ; out and then written (reason?).
 3129                   ;
 3130 DE7F  C1          	POP	BC
 3131 DE80  C5          	PUSH	BC
 3132 DE81  79          	LD	A,C		;get write status flag (2=writing unused space).
 3133 DE82  3D          	DEC	A
Z80ASM SuperFast Relocating Macro Assembler     	    Z80ASM 1.32 Page  55
CPM22   Z80

 3134 DE83  3D          	DEC	A
 3135 DE84  C2 DEBB     	JP	NZ,WTSEQ9
 3136 DE87  E5          	PUSH	HL
 3137 DE88  2A E1B9     	LD	HL,(DIRBUF)	;zero out the directory buffer.
 3138 DE8B  57          	LD	D,A		;note that (A) is zero here.
 3139 DE8C  77          WTSEQ7:	LD	(HL),A
 3140 DE8D  23          	INC	HL
 3141 DE8E  14          	INC	D		;do 128 bytes.
 3142 DE8F  F2 DE8C     	JP	P,WTSEQ7
 3143 DE92  CD D9E0     	CALL	DIRDMA		;tell the bios the dma address for directory access.
 3144 DE95  2A E1E7     	LD	HL,(LOGSECT)	;get sector that starts current block.
 3145 DE98  0E 02       	LD	C,2		;set 'writing to unused space' flag.
 3146 DE9A  22 E1E5     WTSEQ8:	LD	(BLKNMBR),HL	;save sector to write.
 3147 DE9D  C5          	PUSH	BC
 3148 DE9E  CD D7D1     	CALL	TRKSEC1		;determine its track and sector numbers.
 3149 DEA1  C1          	POP	BC
 3150 DEA2  CD D7B8     	CALL	DOWRITE		;now write out 128 bytes of zeros.
 3151 DEA5  2A E1E5     	LD	HL,(BLKNMBR)	;get sector number.
 3152 DEA8  0E 00       	LD	C,0		;set normal write flag.
 3153 DEAA  3A E1C4     	LD	A,(BLKMASK)	;determine if we have written the entire
 3154 DEAD  47          	LD	B,A		;physical block.
 3155 DEAE  A5          	AND	L
 3156 DEAF  B8          	CP	B
 3157 DEB0  23          	INC	HL		;prepare for the next one.
 3158 DEB1  C2 DE9A     	JP	NZ,WTSEQ8	;continue until (BLKMASK+1) sectors written.
 3159 DEB4  E1          	POP	HL		;reset next sector number.
 3160 DEB5  22 E1E5     	LD	(BLKNMBR),HL
 3161 DEB8  CD D9DA     	CALL	DEFDMA		;and reset dma address.
 3162                   ;
 3163                   ;   Normal disk write. Set the desired track and sector then
 3164                   ; do the actual write.
 3165                   ;
 3166 DEBB  CD D7D1     WTSEQ9:	CALL	TRKSEC1		;determine track and sector for this write.
 3167 DEBE  C1          	POP	BC		;get write status flag.
 3168 DEBF  C5          	PUSH	BC
 3169 DEC0  CD D7B8     	CALL	DOWRITE		;and write this out.
 3170 DEC3  C1          	POP	BC
 3171 DEC4  3A E1E3     	LD	A,(SAVNREC)	;get number of records in file.
 3172 DEC7  21 E1E1     	LD	HL,SAVNXT	;get last record written.
 3173 DECA  BE          	CP	(HL)
 3174 DECB  DA DED2     	JP	C,WTSEQ10
 3175 DECE  77          	LD	(HL),A		;we have to update record count.
 3176 DECF  34          	INC	(HL)
 3177 DED0  0E 02       	LD	C,2
 3178                   ;
 3179                   ;*   This area has been patched to correct disk update problem
 3180                   ;* when using blocking and de-blocking in the BIOS.
 3181                   ;
 3182 DED2  00          WTSEQ10:NOP			;was 'dcr c'
 3183 DED3  00          	NOP			;was 'dcr c'
 3184 DED4  21 0000     	LD	HL,0		;was 'jnz wtseq99'
 3185                   ;
 3186                   ; *   End of patch.
 3187                   ;
 3188 DED7  F5          	PUSH	AF
 3189 DED8  CD D969     	CALL	GETS2		;set 'extent written to' flag.
 3190 DEDB  E6 7F       	AND	7FH		;(* clear bit 7 *)
 3191 DEDD  77          	LD	(HL),A
Z80ASM SuperFast Relocating Macro Assembler     	    Z80ASM 1.32 Page  56
CPM22   Z80

 3192 DEDE  F1          	POP	AF		;get record count for this extent.
 3193 DEDF  FE 7F       WTSEQ99:CP	127		;is it full?
 3194 DEE1  C2 DF00     	JP	NZ,WTSEQ12
 3195 DEE4  3A E1D5     	LD	A,(MODE)	;yes, are we in sequential mode?
 3196 DEE7  FE 01       	CP	1
 3197 DEE9  C2 DF00     	JP	NZ,WTSEQ12
 3198 DEEC  CD D8D2     	CALL	SETNREC		;yes, set next record number.
 3199 DEEF  CD DD5A     	CALL	GETNEXT		;and get next empty space in directory.
 3200 DEF2  21 D745     	LD	HL,STATUS	;ok?
 3201 DEF5  7E          	LD	A,(HL)
 3202 DEF6  B7          	OR	A
 3203 DEF7  C2 DEFE     	JP	NZ,WTSEQ11
 3204 DEFA  3D          	DEC	A		;yes, set record count to -1.
 3205 DEFB  32 E1E3     	LD	(SAVNREC),A
 3206 DEFE  36 00       WTSEQ11:LD	(HL),0		;clear status.
 3207 DF00  C3 D8D2     WTSEQ12:JP	SETNREC		;set next record to access.
 3208                   ;
 3209                   ;   For random i/o, set the fcb for the desired record number
 3210                   ; based on the 'r0,r1,r2' bytes. These bytes in the fcb are
 3211                   ; used as follows:
 3212                   ;
 3213                   ;       fcb+35            fcb+34            fcb+33
 3214                   ;  |     'r-2'      |      'r-1'      |      'r-0'     |
 3215                   ;  |7             0 | 7             0 | 7             0|
 3216                   ;  |0 0 0 0 0 0 0 0 | 0 0 0 0 0 0 0 0 | 0 0 0 0 0 0 0 0|
 3217                   ;  |    overflow   | | extra |  extent   |   record #  |
 3218                   ;  | ______________| |_extent|__number___|_____________|
 3219                   ;                     also 's2'
 3220                   ;
 3221                   ;   On entry, register (C) contains 0ffh if this is a read
 3222                   ; and thus we can not access unwritten disk space. Otherwise,
 3223                   ; another extent will be opened (for writing) if required.
 3224                   ;
 3225 DF03  AF          POSITION: XOR	A		;set random i/o flag.
 3226 DF04  32 E1D5     	LD	(MODE),A
 3227                   ;
 3228                   ;   Special entry (function #40). M/PM ?
 3229                   ;
 3230 DF07  C5          POSITN1:PUSH	BC		;save read/write flag.
 3231 DF08  2A D743     	LD	HL,(PARAMS)	;get address of fcb.
 3232 DF0B  EB          	EX	DE,HL
 3233 DF0C  21 0021     	LD	HL,33		;now get byte 'r0'.
 3234 DF0F  19          	ADD	HL,DE
 3235 DF10  7E          	LD	A,(HL)
 3236 DF11  E6 7F       	AND	7FH		;keep bits 0-6 for the record number to access.
 3237 DF13  F5          	PUSH	AF
 3238 DF14  7E          	LD	A,(HL)		;now get bit 7 of 'r0' and bits 0-3 of 'r1'.
 3239 DF15  17          	RLA	
 3240 DF16  23          	INC	HL
 3241 DF17  7E          	LD	A,(HL)
 3242 DF18  17          	RLA	
 3243 DF19  E6 1F       	AND	1FH		;and save this in bits 0-4 of (C).
 3244 DF1B  4F          	LD	C,A		;this is the extent byte.
 3245 DF1C  7E          	LD	A,(HL)		;now get the extra extent byte.
 3246 DF1D  1F          	RRA	
 3247 DF1E  1F          	RRA	
 3248 DF1F  1F          	RRA	
 3249 DF20  1F          	RRA	
Z80ASM SuperFast Relocating Macro Assembler     	    Z80ASM 1.32 Page  57
CPM22   Z80

 3250 DF21  E6 0F       	AND	0FH
 3251 DF23  47          	LD	B,A		;and save it in (B).
 3252 DF24  F1          	POP	AF		;get record number back to (A).
 3253 DF25  23          	INC	HL		;check overflow byte 'r2'.
 3254 DF26  6E          	LD	L,(HL)
 3255 DF27  2C          	INC	L
 3256 DF28  2D          	DEC	L
 3257 DF29  2E 06       	LD	L,6		;prepare for error.
 3258 DF2B  C2 DF8B     	JP	NZ,POSITN5	;out of disk space error.
 3259 DF2E  21 0020     	LD	HL,32		;store record number into fcb.
 3260 DF31  19          	ADD	HL,DE
 3261 DF32  77          	LD	(HL),A
 3262 DF33  21 000C     	LD	HL,12		;and now check the extent byte.
 3263 DF36  19          	ADD	HL,DE
 3264 DF37  79          	LD	A,C
 3265 DF38  96          	SUB	(HL)		;same extent as before?
 3266 DF39  C2 DF47     	JP	NZ,POSITN2
 3267 DF3C  21 000E     	LD	HL,14		;yes, check extra extent byte 's2' also.
 3268 DF3F  19          	ADD	HL,DE
 3269 DF40  78          	LD	A,B
 3270 DF41  96          	SUB	(HL)
 3271 DF42  E6 7F       	AND	7FH
 3272 DF44  CA DF7F     	JP	Z,POSITN3	;same, we are almost done then.
 3273                   ;
 3274                   ;  Get here when another extent is required.
 3275                   ;
 3276 DF47  C5          POSITN2:PUSH	BC
 3277 DF48  D5          	PUSH	DE
 3278 DF49  CD DCA2     	CALL	CLOSEIT		;close current extent.
 3279 DF4C  D1          	POP	DE
 3280 DF4D  C1          	POP	BC
 3281 DF4E  2E 03       	LD	L,3		;prepare for error.
 3282 DF50  3A D745     	LD	A,(STATUS)
 3283 DF53  3C          	INC	A
 3284 DF54  CA DF84     	JP	Z,POSITN4	;close error.
 3285 DF57  21 000C     	LD	HL,12		;put desired extent into fcb now.
 3286 DF5A  19          	ADD	HL,DE
 3287 DF5B  71          	LD	(HL),C
 3288 DF5C  21 000E     	LD	HL,14		;and store extra extent byte 's2'.
 3289 DF5F  19          	ADD	HL,DE
 3290 DF60  70          	LD	(HL),B
 3291 DF61  CD DC51     	CALL	OPENIT		;try and get this extent.
 3292 DF64  3A D745     	LD	A,(STATUS)	;was it there?
 3293 DF67  3C          	INC	A
 3294 DF68  C2 DF7F     	JP	NZ,POSITN3
 3295 DF6B  C1          	POP	BC		;no. can we create a new one (writing?).
 3296 DF6C  C5          	PUSH	BC
 3297 DF6D  2E 04       	LD	L,4		;prepare for error.
 3298 DF6F  0C          	INC	C
 3299 DF70  CA DF84     	JP	Z,POSITN4	;nope, reading unwritten space error.
 3300 DF73  CD DD24     	CALL	GETEMPTY	;yes we can, try to find space.
 3301 DF76  2E 05       	LD	L,5		;prepare for error.
 3302 DF78  3A D745     	LD	A,(STATUS)
 3303 DF7B  3C          	INC	A
 3304 DF7C  CA DF84     	JP	Z,POSITN4	;out of space?
 3305                   ;
 3306                   ;   Normal return location. Clear error code and return.
 3307                   ;
Z80ASM SuperFast Relocating Macro Assembler     	    Z80ASM 1.32 Page  58
CPM22   Z80

 3308 DF7F  C1          POSITN3:POP	BC		;restore stack.
 3309 DF80  AF          	XOR	A		;and clear error code byte.
 3310 DF81  C3 D701     	JP	SETSTAT
 3311                   ;
 3312                   ;   Error. Set the 's2' byte to indicate this (why?).
 3313                   ;
 3314 DF84  E5          POSITN4:PUSH	HL
 3315 DF85  CD D969     	CALL	GETS2
 3316 DF88  36 C0       	LD	(HL),0C0H
 3317 DF8A  E1          	POP	HL
 3318                   ;
 3319                   ;   Return with error code (presently in L).
 3320                   ;
 3321 DF8B  C1          POSITN5:POP	BC
 3322 DF8C  7D          	LD	A,L		;get error code.
 3323 DF8D  32 D745     	LD	(STATUS),A
 3324 DF90  C3 D978     	JP	SETS2B7
 3325                   ;
 3326                   ;   Read a random record.
 3327                   ;
 3328 DF93  0E FF       READRAN:LD	C,0FFH		;set 'read' status.
 3329 DF95  CD DF03     	CALL	POSITION	;position the file to proper record.
 3330 DF98  CC DDC1     	CALL	Z,RDSEQ1	;and read it as usual (if no errors).
 3331 DF9B  C9          	RET	
 3332                   ;
 3333                   ;   Write to a random record.
 3334                   ;
 3335 DF9C  0E 00       WRITERAN: LD	C,0		;set 'writing' flag.
 3336 DF9E  CD DF03     	CALL	POSITION	;position the file to proper record.
 3337 DFA1  CC DE03     	CALL	Z,WTSEQ1	;and write as usual (if no errors).
 3338 DFA4  C9          	RET	
 3339                   ;
 3340                   ;   Compute the random record number. Enter with (HL) pointing
 3341                   ; to a fcb an (DE) contains a relative location of a record
 3342                   ; number. On exit, (C) contains the 'r0' byte, (B) the 'r1'
 3343                   ; byte, and (A) the 'r2' byte.
 3344                   ;
 3345                   ;   On return, the zero flag is set if the record is within
 3346                   ; bounds. Otherwise, an overflow occured.
 3347                   ;
 3348 DFA5  EB          COMPRAND: EX	DE,HL		;save fcb pointer in (DE).
 3349 DFA6  19          	ADD	HL,DE		;compute relative position of record #.
 3350 DFA7  4E          	LD	C,(HL)		;get record number into (BC).
 3351 DFA8  06 00       	LD	B,0
 3352 DFAA  21 000C     	LD	HL,12		;now get extent.
 3353 DFAD  19          	ADD	HL,DE
 3354 DFAE  7E          	LD	A,(HL)		;compute (BC)=(record #)+(extent)*128.
 3355 DFAF  0F          	RRCA			;move lower bit into bit 7.
 3356 DFB0  E6 80       	AND	80H		;and ignore all other bits.
 3357 DFB2  81          	ADD	A,C		;add to our record number.
 3358 DFB3  4F          	LD	C,A
 3359 DFB4  3E 00       	LD	A,0		;take care of any carry.
 3360 DFB6  88          	ADC	A,B
 3361 DFB7  47          	LD	B,A
 3362 DFB8  7E          	LD	A,(HL)		;now get the upper bits of extent into
 3363 DFB9  0F          	RRCA			;bit positions 0-3.
 3364 DFBA  E6 0F       	AND	0FH		;and ignore all others.
 3365 DFBC  80          	ADD	A,B		;add this in to 'r1' byte.
Z80ASM SuperFast Relocating Macro Assembler     	    Z80ASM 1.32 Page  59
CPM22   Z80

 3366 DFBD  47          	LD	B,A
 3367 DFBE  21 000E     	LD	HL,14		;get the 's2' byte (extra extent).
 3368 DFC1  19          	ADD	HL,DE
 3369 DFC2  7E          	LD	A,(HL)
 3370 DFC3  87          	ADD	A,A		;and shift it left 4 bits (bits 4-7).
 3371 DFC4  87          	ADD	A,A
 3372 DFC5  87          	ADD	A,A
 3373 DFC6  87          	ADD	A,A
 3374 DFC7  F5          	PUSH	AF		;save carry flag (bit 0 of flag byte).
 3375 DFC8  80          	ADD	A,B		;now add extra extent into 'r1'.
 3376 DFC9  47          	LD	B,A
 3377 DFCA  F5          	PUSH	AF		;and save carry (overflow byte 'r2').
 3378 DFCB  E1          	POP	HL		;bit 0 of (L) is the overflow indicator.
 3379 DFCC  7D          	LD	A,L
 3380 DFCD  E1          	POP	HL		;and same for first carry flag.
 3381 DFCE  B5          	OR	L		;either one of these set?
 3382 DFCF  E6 01       	AND	01H		;only check the carry flags.
 3383 DFD1  C9          	RET	
 3384                   ;
 3385                   ;   Routine to setup the fcb (bytes 'r0', 'r1', 'r2') to
 3386                   ; reflect the last record used for a random (or other) file.
 3387                   ; This reads the directory and looks at all extents computing
 3388                   ; the largerst record number for each and keeping the maximum
 3389                   ; value only. Then 'r0', 'r1', and 'r2' will reflect this
 3390                   ; maximum record number. This is used to compute the space used
 3391                   ; by a random file.
 3392                   ;
 3393 DFD2  0E 0C       RANSIZE:LD	C,12		;look thru directory for first entry with
 3394 DFD4  CD DB18     	CALL	FINDFST		;this name.
 3395 DFD7  2A D743     	LD	HL,(PARAMS)	;zero out the 'r0, r1, r2' bytes.
 3396 DFDA  11 0021     	LD	DE,33
 3397 DFDD  19          	ADD	HL,DE
 3398 DFDE  E5          	PUSH	HL
 3399 DFDF  72          	LD	(HL),D		;note that (D)=0.
 3400 DFE0  23          	INC	HL
 3401 DFE1  72          	LD	(HL),D
 3402 DFE2  23          	INC	HL
 3403 DFE3  72          	LD	(HL),D
 3404 DFE4  CD D9F5     RANSIZ1:CALL	CKFILPOS	;is there an extent to process?
 3405 DFE7  CA E00C     	JP	Z,RANSIZ3	;no, we are done.
 3406 DFEA  CD D95E     	CALL	FCB2HL		;set (HL) pointing to proper fcb in dir.
 3407 DFED  11 000F     	LD	DE,15		;point to last record in extent.
 3408 DFF0  CD DFA5     	CALL	COMPRAND	;and compute random parameters.
 3409 DFF3  E1          	POP	HL
 3410 DFF4  E5          	PUSH	HL		;now check these values against those
 3411 DFF5  5F          	LD	E,A		;already in fcb.
 3412 DFF6  79          	LD	A,C		;the carry flag will be set if those
 3413 DFF7  96          	SUB	(HL)		;in the fcb represent a larger size than
 3414 DFF8  23          	INC	HL		;this extent does.
 3415 DFF9  78          	LD	A,B
 3416 DFFA  9E          	SBC	A,(HL)
 3417 DFFB  23          	INC	HL
 3418 DFFC  7B          	LD	A,E
 3419 DFFD  9E          	SBC	A,(HL)
 3420 DFFE  DA E006     	JP	C,RANSIZ2
 3421 E001  73          	LD	(HL),E		;we found a larger (in size) extent.
 3422 E002  2B          	DEC	HL		;stuff these values into fcb.
 3423 E003  70          	LD	(HL),B
Z80ASM SuperFast Relocating Macro Assembler     	    Z80ASM 1.32 Page  60
CPM22   Z80

 3424 E004  2B          	DEC	HL
 3425 E005  71          	LD	(HL),C
 3426 E006  CD DB2D     RANSIZ2:CALL	FINDNXT		;now get the next extent.
 3427 E009  C3 DFE4     	JP	RANSIZ1		;continue til all done.
 3428 E00C  E1          RANSIZ3:POP	HL		;we are done, restore the stack and
 3429 E00D  C9          	RET			;return.
 3430                   ;
 3431                   ;   Function to return the random record position of a given
 3432                   ; file which has been read in sequential mode up to now.
 3433                   ;
 3434 E00E  2A D743     SETRAN:	LD	HL,(PARAMS)	;point to fcb.
 3435 E011  11 0020     	LD	DE,32		;and to last used record.
 3436 E014  CD DFA5     	CALL	COMPRAND	;compute random position.
 3437 E017  21 0021     	LD	HL,33		;now stuff these values into fcb.
 3438 E01A  19          	ADD	HL,DE
 3439 E01B  71          	LD	(HL),C		;move 'r0'.
 3440 E01C  23          	INC	HL
 3441 E01D  70          	LD	(HL),B		;and 'r1'.
 3442 E01E  23          	INC	HL
 3443 E01F  77          	LD	(HL),A		;and lastly 'r2'.
 3444 E020  C9          	RET	
 3445                   ;
 3446                   ;   This routine select the drive specified in (ACTIVE) and
 3447                   ; update the login vector and bitmap table if this drive was
 3448                   ; not already active.
 3449                   ;
 3450 E021  2A E1AF     LOGINDRV: LD	HL,(LOGIN)	;get the login vector.
 3451 E024  3A D742     	LD	A,(ACTIVE)	;get the default drive.
 3452 E027  4F          	LD	C,A
 3453 E028  CD D8EA     	CALL	SHIFTR		;position active bit for this drive
 3454 E02B  E5          	PUSH	HL		;into bit 0.
 3455 E02C  EB          	EX	DE,HL
 3456 E02D  CD D759     	CALL	SELECT		;select this drive.
 3457 E030  E1          	POP	HL
 3458 E031  CC D747     	CALL	Z,SLCTERR	;valid drive?
 3459 E034  7D          	LD	A,L		;is this a newly activated drive?
 3460 E035  1F          	RRA	
 3461 E036  D8          	RET	C
 3462 E037  2A E1AF     	LD	HL,(LOGIN)	;yes, update the login vector.
 3463 E03A  4D          	LD	C,L
 3464 E03B  44          	LD	B,H
 3465 E03C  CD D90B     	CALL	SETBIT
 3466 E03F  22 E1AF     	LD	(LOGIN),HL	;and save.
 3467 E042  C3 DAA3     	JP	BITMAP		;now update the bitmap.
 3468                   ;
 3469                   ;   Function to set the active disk number.
 3470                   ;
 3471 E045  3A E1D6     SETDSK:	LD	A,(EPARAM)	;get parameter passed and see if this
 3472 E048  21 D742     	LD	HL,ACTIVE	;represents a change in drives.
 3473 E04B  BE          	CP	(HL)
 3474 E04C  C8          	RET	Z
 3475 E04D  77          	LD	(HL),A		;yes it does, log it in.
 3476 E04E  C3 E021     	JP	LOGINDRV
 3477                   ;
 3478                   ;   This is the 'auto disk select' routine. The firsst byte
 3479                   ; of the fcb is examined for a drive specification. If non
 3480                   ; zero then the drive will be selected and loged in.
 3481                   ;
Z80ASM SuperFast Relocating Macro Assembler     	    Z80ASM 1.32 Page  61
CPM22   Z80

 3482 E051  3E FF       AUTOSEL:LD	A,0FFH		;say 'auto-select activated'.
 3483 E053  32 E1DE     	LD	(AUTO),A
 3484 E056  2A D743     	LD	HL,(PARAMS)	;get drive specified.
 3485 E059  7E          	LD	A,(HL)
 3486 E05A  E6 1F       	AND	1FH		;look at lower 5 bits.
 3487 E05C  3D          	DEC	A		;adjust for (1=A, 2=B) etc.
 3488 E05D  32 E1D6     	LD	(EPARAM),A	;and save for the select routine.
 3489 E060  FE 1E       	CP	1EH		;check for 'no change' condition.
 3490 E062  D2 E075     	JP	NC,AUTOSL1	;yes, don't change.
 3491 E065  3A D742     	LD	A,(ACTIVE)	;we must change, save currently active
 3492 E068  32 E1DF     	LD	(OLDDRV),A	;drive.
 3493 E06B  7E          	LD	A,(HL)		;and save first byte of fcb also.
 3494 E06C  32 E1E0     	LD	(AUTOFLAG),A	;this must be non-zero.
 3495 E06F  E6 E0       	AND	0E0H		;whats this for (bits 6,7 are used for
 3496 E071  77          	LD	(HL),A		;something)?
 3497 E072  CD E045     	CALL	SETDSK		;select and log in this drive.
 3498 E075  3A D741     AUTOSL1:LD	A,(USERNO)	;move user number into fcb.
 3499 E078  2A D743     	LD	HL,(PARAMS)	;(* upper half of first byte *)
 3500 E07B  B6          	OR	(HL)
 3501 E07C  77          	LD	(HL),A
 3502 E07D  C9          	RET			;and return (all done).
 3503                   ;
 3504                   ;   Function to return the current cp/m version number.
 3505                   ;
 3506 E07E  3E 22       GETVER:	LD	A,022H		;version 2.2
 3507 E080  C3 D701     	JP	SETSTAT
 3508                   ;
 3509                   ;   Function to reset the disk system.
 3510                   ;
 3511 E083  21 0000     RSTDSK:	LD	HL,0		;clear write protect status and log
 3512 E086  22 E1AD     	LD	(WRTPRT),HL	;in vector.
 3513 E089  22 E1AF     	LD	(LOGIN),HL
 3514 E08C  AF          	XOR	A		;select drive 'A'.
 3515 E08D  32 D742     	LD	(ACTIVE),A
 3516 E090  21 0080     	LD	HL,TBUFF	;setup default dma address.
 3517 E093  22 E1B1     	LD	(USERDMA),HL
 3518 E096  CD D9DA     	CALL	DEFDMA
 3519 E099  C3 E021     	JP	LOGINDRV	;now log in drive 'A'.
 3520                   ;
 3521                   ;   Function to open a specified file.
 3522                   ;
 3523 E09C  CD D972     OPENFIL:CALL	CLEARS2		;clear 's2' byte.
 3524 E09F  CD E051     	CALL	AUTOSEL		;select proper disk.
 3525 E0A2  C3 DC51     	JP	OPENIT		;and open the file.
 3526                   ;
 3527                   ;   Function to close a specified file.
 3528                   ;
 3529 E0A5  CD E051     CLOSEFIL: CALL	AUTOSEL		;select proper disk.
 3530 E0A8  C3 DCA2     	JP	CLOSEIT		;and close the file.
 3531                   ;
 3532                   ;   Function to return the first occurence of a specified file
 3533                   ; name. If the first byte of the fcb is '?' then the name will
 3534                   ; not be checked (get the first entry no matter what).
 3535                   ;
 3536 E0AB  0E 00       GETFST:	LD	C,0		;prepare for special search.
 3537 E0AD  EB          	EX	DE,HL
 3538 E0AE  7E          	LD	A,(HL)		;is first byte a '?'?
 3539 E0AF  FE 3F       	CP	'?'
Z80ASM SuperFast Relocating Macro Assembler     	    Z80ASM 1.32 Page  62
CPM22   Z80

 3540 E0B1  CA E0C2     	JP	Z,GETFST1	;yes, just get very first entry (zero length match).
 3541 E0B4  CD D8A6     	CALL	SETEXT		;get the extension byte from fcb.
 3542 E0B7  7E          	LD	A,(HL)		;is it '?'? if yes, then we want
 3543 E0B8  FE 3F       	CP	'?'		;an entry with a specific 's2' byte.
 3544 E0BA  C4 D972     	CALL	NZ,CLEARS2	;otherwise, look for a zero 's2' byte.
 3545 E0BD  CD E051     	CALL	AUTOSEL		;select proper drive.
 3546 E0C0  0E 0F       	LD	C,15		;compare bytes 0-14 in fcb (12&13 excluded).
 3547 E0C2  CD DB18     GETFST1:CALL	FINDFST		;find an entry and then move it into
 3548 E0C5  C3 D9E9     	JP	MOVEDIR		;the users dma space.
 3549                   ;
 3550                   ;   Function to return the next occurence of a file name.
 3551                   ;
 3552 E0C8  2A E1D9     GETNXT:	LD	HL,(SAVEFCB)	;restore pointers. note that no
 3553 E0CB  22 D743     	LD	(PARAMS),HL	;other dbos calls are allowed.
 3554 E0CE  CD E051     	CALL	AUTOSEL		;no error will be returned, but the
 3555 E0D1  CD DB2D     	CALL	FINDNXT		;results will be wrong.
 3556 E0D4  C3 D9E9     	JP	MOVEDIR
 3557                   ;
 3558                   ;   Function to delete a file by name.
 3559                   ;
 3560 E0D7  CD E051     DELFILE:CALL	AUTOSEL		;select proper drive.
 3561 E0DA  CD DB9C     	CALL	ERAFILE		;erase the file.
 3562 E0DD  C3 DB01     	JP	STSTATUS	;set status and return.
 3563                   ;
 3564                   ;   Function to execute a sequential read of the specified
 3565                   ; record number.
 3566                   ;
 3567 E0E0  CD E051     READSEQ:CALL	AUTOSEL		;select proper drive then read.
 3568 E0E3  C3 DDBC     	JP	RDSEQ
 3569                   ;
 3570                   ;   Function to write the net sequential record.
 3571                   ;
 3572 E0E6  CD E051     WRTSEQ:	CALL	AUTOSEL		;select proper drive then write.
 3573 E0E9  C3 DDFE     	JP	WTSEQ
 3574                   ;
 3575                   ;   Create a file function.
 3576                   ;
 3577 E0EC  CD D972     FCREATE:CALL	CLEARS2		;clear the 's2' byte on all creates.
 3578 E0EF  CD E051     	CALL	AUTOSEL		;select proper drive and get the next
 3579 E0F2  C3 DD24     	JP	GETEMPTY	;empty directory space.
 3580                   ;
 3581                   ;   Function to rename a file.
 3582                   ;
 3583 E0F5  CD E051     RENFILE:CALL	AUTOSEL		;select proper drive and then switch
 3584 E0F8  CD DC16     	CALL	CHGNAMES	;file names.
 3585 E0FB  C3 DB01     	JP	STSTATUS
 3586                   ;
 3587                   ;   Function to return the login vector.
 3588                   ;
 3589 E0FE  2A E1AF     GETLOG:	LD	HL,(LOGIN)
 3590 E101  C3 E129     	JP	GETPRM1
 3591                   ;
 3592                   ;   Function to return the current disk assignment.
 3593                   ;
 3594 E104  3A D742     GETCRNT:LD	A,(ACTIVE)
 3595 E107  C3 D701     	JP	SETSTAT
 3596                   ;
 3597                   ;   Function to set the dma address.
Z80ASM SuperFast Relocating Macro Assembler     	    Z80ASM 1.32 Page  63
CPM22   Z80

 3598                   ;
 3599 E10A  EB          PUTDMA:	EX	DE,HL
 3600 E10B  22 E1B1     	LD	(USERDMA),HL	;save in our space and then get to
 3601 E10E  C3 D9DA     	JP	DEFDMA		;the bios with this also.
 3602                   ;
 3603                   ;   Function to return the allocation vector.
 3604                   ;
 3605 E111  2A E1BF     GETALOC:LD	HL,(ALOCVECT)
 3606 E114  C3 E129     	JP	GETPRM1
 3607                   ;
 3608                   ;   Function to return the read-only status vector.
 3609                   ;
 3610 E117  2A E1AD     GETROV:	LD	HL,(WRTPRT)
 3611 E11A  C3 E129     	JP	GETPRM1
 3612                   ;
 3613                   ;   Function to set the file attributes (read-only, system).
 3614                   ;
 3615 E11D  CD E051     SETATTR:CALL	AUTOSEL		;select proper drive then save attributes.
 3616 E120  CD DC3B     	CALL	SAVEATTR
 3617 E123  C3 DB01     	JP	STSTATUS
 3618                   ;
 3619                   ;   Function to return the address of the disk parameter block
 3620                   ; for the current drive.
 3621                   ;
 3622 E126  2A E1BB     GETPARM:LD	HL,(DISKPB)
 3623 E129  22 D745     GETPRM1:LD	(STATUS),HL
 3624 E12C  C9          	RET	
 3625                   ;
 3626                   ;   Function to get or set the user number. If (E) was (FF)
 3627                   ; then this is a request to return the current user number.
 3628                   ; Else set the user number from (E).
 3629                   ;
 3630 E12D  3A E1D6     GETUSER:LD	A,(EPARAM)	;get parameter.
 3631 E130  FE FF       	CP	0FFH		;get user number?
 3632 E132  C2 E13B     	JP	NZ,SETUSER
 3633 E135  3A D741     	LD	A,(USERNO)	;yes, just do it.
 3634 E138  C3 D701     	JP	SETSTAT
 3635 E13B  E6 1F       SETUSER:AND	1FH		;no, we should set it instead. keep low
 3636 E13D  32 D741     	LD	(USERNO),A	;bits (0-4) only.
 3637 E140  C9          	RET	
 3638                   ;
 3639                   ;   Function to read a random record from a file.
 3640                   ;
 3641 E141  CD E051     RDRANDOM: CALL	AUTOSEL		;select proper drive and read.
 3642 E144  C3 DF93     	JP	READRAN
 3643                   ;
 3644                   ;   Function to compute the file size for random files.
 3645                   ;
 3646 E147  CD E051     WTRANDOM: CALL	AUTOSEL		;select proper drive and write.
 3647 E14A  C3 DF9C     	JP	WRITERAN
 3648                   ;
 3649                   ;   Function to compute the size of a random file.
 3650                   ;
 3651 E14D  CD E051     FILESIZE: CALL	AUTOSEL		;select proper drive and check file length
 3652 E150  C3 DFD2     	JP	RANSIZE
 3653                   ;
 3654                   ;   Function #37. This allows a program to log off any drives.
 3655                   ; On entry, set (DE) to contain a word with bits set for those
Z80ASM SuperFast Relocating Macro Assembler     	    Z80ASM 1.32 Page  64
CPM22   Z80

 3656                   ; drives that are to be logged off. The log-in vector and the
 3657                   ; write protect vector will be updated. This must be a M/PM
 3658                   ; special function.
 3659                   ;
 3660 E153  2A D743     LOGOFF:	LD	HL,(PARAMS)	;get drives to log off.
 3661 E156  7D          	LD	A,L		;for each bit that is set, we want
 3662 E157  2F          	CPL			;to clear that bit in (LOGIN)
 3663 E158  5F          	LD	E,A		;and (WRTPRT).
 3664 E159  7C          	LD	A,H
 3665 E15A  2F          	CPL	
 3666 E15B  2A E1AF     	LD	HL,(LOGIN)	;reset the login vector.
 3667 E15E  A4          	AND	H
 3668 E15F  57          	LD	D,A
 3669 E160  7D          	LD	A,L
 3670 E161  A3          	AND	E
 3671 E162  5F          	LD	E,A
 3672 E163  2A E1AD     	LD	HL,(WRTPRT)
 3673 E166  EB          	EX	DE,HL
 3674 E167  22 E1AF     	LD	(LOGIN),HL	;and save.
 3675 E16A  7D          	LD	A,L		;now do the write protect vector.
 3676 E16B  A3          	AND	E
 3677 E16C  6F          	LD	L,A
 3678 E16D  7C          	LD	A,H
 3679 E16E  A2          	AND	D
 3680 E16F  67          	LD	H,A
 3681 E170  22 E1AD     	LD	(WRTPRT),HL	;and save. all done.
 3682 E173  C9          	RET	
 3683                   ;
 3684                   ;   Get here to return to the user.
 3685                   ;
 3686 E174  3A E1DE     GOBACK:	LD	A,(AUTO)	;was auto select activated?
 3687 E177  B7          	OR	A
 3688 E178  CA E191     	JP	Z,GOBACK1
 3689 E17B  2A D743     	LD	HL,(PARAMS)	;yes, but was a change made?
 3690 E17E  36 00       	LD	(HL),0		;(* reset first byte of fcb *)
 3691 E180  3A E1E0     	LD	A,(AUTOFLAG)
 3692 E183  B7          	OR	A
 3693 E184  CA E191     	JP	Z,GOBACK1
 3694 E187  77          	LD	(HL),A		;yes, reset first byte properly.
 3695 E188  3A E1DF     	LD	A,(OLDDRV)	;and get the old drive and select it.
 3696 E18B  32 E1D6     	LD	(EPARAM),A
 3697 E18E  CD E045     	CALL	SETDSK
 3698 E191  2A D70F     GOBACK1:LD	HL,(USRSTACK)	;reset the users stack pointer.
 3699 E194  F9          	LD	SP,HL
 3700 E195  2A D745     	LD	HL,(STATUS)	;get return status.
 3701 E198  7D          	LD	A,L		;force version 1.4 compatability.
 3702 E199  44          	LD	B,H
 3703 E19A  C9          	RET			;and go back to user.
 3704                   ;
 3705                   ;   Function #40. This is a special entry to do random i/o.
 3706                   ; For the case where we are writing to unused disk space, this
 3707                   ; space will be zeroed out first. This must be a M/PM special
 3708                   ; purpose function, because why would any normal program even
 3709                   ; care about the previous contents of a sector about to be
 3710                   ; written over.
 3711                   ;
 3712 E19B  CD E051     WTSPECL:CALL	AUTOSEL		;select proper drive.
 3713 E19E  3E 02       	LD	A,2		;use special write mode.
Z80ASM SuperFast Relocating Macro Assembler     	    Z80ASM 1.32 Page  65
CPM22   Z80

 3714 E1A0  32 E1D5     	LD	(MODE),A
 3715 E1A3  0E 00       	LD	C,0		;set write indicator.
 3716 E1A5  CD DF07     	CALL	POSITN1		;position the file.
 3717 E1A8  CC DE03     	CALL	Z,WTSEQ1	;and write (if no errors).
 3718 E1AB  C9          	RET	
 3719                   ;
 3720                   ;**************************************************************
 3721                   ;*
 3722                   ;*     BDOS data storage pool.
 3723                   ;*
 3724                   ;**************************************************************
 3725                   ;
 3726 E1AC  E5          EMPTYFCB: DB	0E5H		;empty directory segment indicator.
 3727 E1AD  0000        WRTPRT:	DW	0		;write protect status for all 16 drives.
 3728 E1AF  0000        LOGIN:	DW	0		;drive active word (1 bit per drive).
 3729 E1B1  0080        USERDMA:DW	080H		;user's dma address (defaults to 80h).
 3730                   ;
 3731                   ;   Scratch areas from parameter block.
 3732                   ;
 3733 E1B3  0000        SCRATCH1: DW	0		;relative position within dir segment for file (0-3).
 3734 E1B5  0000        SCRATCH2: DW	0		;last selected track number.
 3735 E1B7  0000        SCRATCH3: DW	0		;last selected sector number.
 3736                   ;
 3737                   ;   Disk storage areas from parameter block.
 3738                   ;
 3739 E1B9  0000        DIRBUF:	DW	0		;address of directory buffer to use.
 3740 E1BB  0000        DISKPB:	DW	0		;contains address of disk parameter block.
 3741 E1BD  0000        CHKVECT:DW	0		;address of check vector.
 3742 E1BF  0000        ALOCVECT: DW	0		;address of allocation vector (bit map).
 3743                   ;
 3744                   ;   Parameter block returned from the bios.
 3745                   ;
 3746 E1C1  0000        SECTORS:DW	0		;sectors per track from bios.
 3747 E1C3  00          BLKSHFT:DB	0		;block shift.
 3748 E1C4  00          BLKMASK:DB	0		;block mask.
 3749 E1C5  00          EXTMASK:DB	0		;extent mask.
 3750 E1C6  0000        DSKSIZE:DW	0		;disk size from bios (number of blocks-1).
 3751 E1C8  0000        DIRSIZE:DW	0		;directory size.
 3752 E1CA  0000        ALLOC0:	DW	0		;storage for first bytes of bit map (dir space used).
 3753 E1CC  0000        ALLOC1:	DW	0
 3754 E1CE  0000        OFFSET:	DW	0		;first usable track number.
 3755 E1D0  0000        XLATE:	DW	0		;sector translation table address.
 3756                   ;
 3757                   ;
 3758 E1D2  00          CLOSEFLG: DB	0		;close flag (=0ffh is extent written ok).
 3759 E1D3  00          RDWRTFLG: DB	0		;read/write flag (0ffh=read, 0=write).
 3760 E1D4  00          FNDSTAT:DB	0		;filename found status (0=found first entry).
 3761 E1D5  00          MODE:	DB	0		;I/o mode select (0=random, 1=sequential, 2=special random).
 3762 E1D6  00          EPARAM:	DB	0		;storage for register (E) on entry to bdos.
 3763 E1D7  00          RELBLOCK: DB	0		;relative position within fcb of block number written.
 3764 E1D8  00          COUNTER:DB	0		;byte counter for directory name searches.
 3765 E1D9  0000  0000  SAVEFCB:DW	0,0		;save space for address of fcb (for directory searches).
 3766 E1DD  00          BIGDISK:DB	0		;if =0 then disk is > 256 blocks long.
 3767 E1DE  00          AUTO:	DB	0		;if non-zero, then auto select activated.
 3768 E1DF  00          OLDDRV:	DB	0		;on auto select, storage for previous drive.
 3769 E1E0  00          AUTOFLAG: DB	0		;if non-zero, then auto select changed drives.
 3770 E1E1  00          SAVNXT:	DB	0		;storage for next record number to access.
 3771 E1E2  00          SAVEXT:	DB	0		;storage for extent number of file.
Z80ASM SuperFast Relocating Macro Assembler     	    Z80ASM 1.32 Page  66
CPM22   Z80

 3772 E1E3  0000        SAVNREC:DW	0		;storage for number of records in file.
 3773 E1E5  0000        BLKNMBR:DW	0		;block number (physical sector) used within a file or logical sect
 3774 E1E7  0000        LOGSECT:DW	0		;starting logical (128 byte) sector of block (physical sector).
 3775 E1E9  00          FCBPOS:	DB	0		;relative position within buffer for fcb of file of interest.
 3776 E1EA  0000        FILEPOS:DW	0		;files position within directory (0 to max entries -1).
 3777                   ;
 3778                   ;   Disk directory buffer checksum bytes. One for each of the
 3779                   ; 16 possible drives.
 3780                   ;
 3781 E1EC  00 00 00 00 CKSUMTBL: DB	0,0,0,0,0,0,0,0,0,0,0,0,0,0,0,0
 3782                   
 3783 E1FC  00 00 00 00 	DEFB	0,0,0,0		;Adjust to make BOOT at EA00h for 60K system
 3784                   
 3785 E200              CPMEND:
 3786                   
 3787         0000      	IF FALSE
 3813                   	ENDIF
 3814                   ;
 3815                   ;*
 3816                   ;******************   E N D   O F   C P / M   *****************
 3817                   ;*
 3818                   
 0 Error(s) Detected.
 5632 Absolute Bytes. 506 Symbols Detected.
) sector of block (physical sector).
 3775 E1E9  00          FCBPOS: