Z80ASM SuperFast Relocating Macro Assembler     	    Z80ASM 1.32 Page   1
NBIOS11 Z80

    1                   ;************************************************************************
    2                   ;* NBIOS11.Z80		RDK/UH/*DG*	09/2026				*
    3                   ;*									*
    4                   ;* basiert direct auf der Version 3.1 841220 von Rolf-Dieter Klein	*
    5                   ;* Urspruengliche Version fuer 2 Mini- und 2 Maxi-Laufwerke		*
    6                   ;*									*
    7                   ;************************************************************************
    8                   ;
    9                   ; PLEASE NOTE THE CHANGED CP/M & BIOS START ADDRESS !!!
   10                   ;
   11                   ; 24.06.2026 *dg* Kommentare hinzugefuegt
   12                   ;                 Binaer identisch zur Origial-Version
   13                   ; 06.07.2026 *dg* V1.0 Erste Aenderungen am BIOS. Alte Monnitor-Routinen werden
   14                   ;                 nicht mehr verwendet. Laufwerksumrechnung geaendert.
   15                   ;                 Version getestet.
   16                   ;                 Alle Aenderungen mit bedingter Assemblierung (Flag MINI3)
   17                   ;                 Testweise den Speicherbereich fuer das BIOS auf E200..EFFF
   18                   ;		  geaendert. CP/M startet dann bei CC00 (58K)
   19                   ; 09.07.2026 *dg* V1.0 Erweitert um 4 IDE/CF-Laufwerke - funktioniert nicht
   20                   ;                 System bootet aber Schreiben auf die IDE-Laufwerke schlaegt fehl.
   21                   ; 12.07.2026 *dg* Lesen und Schreiben von CF funktioniert
   22                   ; 31.07.2026 *dg* V1.0 Laufwerk C als HD Laufwerk konfiguriert (1.44 MB)
   23                   ;                 Probleme immer beim ersten Scheiben nach dem Formatieren
   24                   ; 02.08.2026 *dg* Laufwerk B: als 5.25 Zoll HD Laufwerk
   25                   ;		  Funktioniert noch nicht, Format und Laufwerksparameter unklar 
   26                   ; 03.08.2026 *dg* BIOS Debug-Ausgaben per Ctrl-A toggelbar
   27                   ; 06.08.2026 *dg* 5.25 Zoll Format mit 1024*8 funktioniert (1.4 MB)
   28                   ;                 5.25 Zoll Format mit 512*15 funktioniert! (1.2 MB)
   29                   ; 08.08.2026 *dg* CF-Card Laufwerksparameter geaendert
   30                   ; 09.08.2026 *dg* Quick'n dirty fix for Warmboot from IDE/CF
   31                   ;		  (Disk-Parameter immer hardcodiert beim Warmboot aber konfigurierbar)
   32                   ; 03.09.2026 *dg* Deblocking-Parameter fuer jedes Laufwerk stehen jetzt direkt hinter den
   33                   ;		  DPBx Parameter-Bloecken         
   34                   ; 05.09.2026 *dg* New 8192K format for CF/IDE with deblocking
   35                   ; 06.09.2026 *dg* Cleanup
   36                   ; 08.09.2026 *dg* Cleanup
   37                   ; 19.09.2026 *dg* Change selection of disk formats (more defines)
   38                   ; 21.09.2026 *dg* Die Ausmaskierung von Bit 7 bei CONIN herausgenommen, damit
   39                   ;		  Binaer-Transfers wie zum Beispiel Xmodem ueber das BIOS
   40                   ;		  funktionieren.
   41                   ; 25.09.2026 *dg* Laufwerktabelle als Includes, Erzeugung mit neuem Tool NDiskDef.exe
   42                   ;                 NBIOS10 umgenannt in NBIOS11
   43                   ;
   44                   ; Verbesserung/Veraenderungen zu BIOS 3.1 seit Juni 2026
   45                   ;
   46                   ; BIOS vergroessert, dadurch geaenderte Startadressen. CP/M ab CC00-E1FF,
   47                   ; BIOS ab E200-EFFF.
   48                   ; Dateinamen geaendert, die meisten Files und Tools beginnen mit "N" zu
   49                   ; Unterscheidung von den Original-Files.
   50                   ; Laufwerksparameter geaendert, A ist 800KB (NDR/NKC), B und C unterschiedlich,
   51                   ; D ist IBM 8 Zoll SS/SD.
   52                   ; CF/IDE eingebunden, Laufwerke E bis H, je 8 MB, E ist bootfaehig (geaenderte
   53                   ; BIOS-Parameter)
   54                   ; Blocking/Deblocking geaendert, ist jetzt flexibler und leichter zu
   55                   ; konfigurieren max.
   56                   ; max. Steprate wird beim Warmstart gesetzt.
   57                   ; Debug-Ausgaben im BIOS ueber Compiler-Schalter und zur Laufzeit mit Ctrl-A
   58                   ; ein- und ausschaltbar.
Z80ASM SuperFast Relocating Macro Assembler     	    Z80ASM 1.32 Page   2
NBIOS11 Z80

   59                   ; Diverse Laufwerksformate gestestet, Test mit echten 8 Zoll Laufwerken steht
   60                   ; noch aus.
   61                   ; MOVCPM und SYSGEN funktionieren mit der geaenderten BIOS-Groesse
   62                   ; vermutlich nicht mehr und muessen angasst werden (oder flexible Variante
   63                   ; verwenden).
   64                   ;
   65                   ; TO-DO:
   66                   ; x Drive-spezifische Tabellen direkt bei den Laufwerkstabellen platzieren
   67                   ;   (erledigt 03.09.26)
   68                   ; - Maxi-Routinen in Mini-Routinen integrieren. Gemeinsame Routinen fuer
   69                   ;   Blocking/Deblocking fuer alle Laufwerkstypen.
   70                   ; x Make shure not to override the BIOS on WBOOT -> das war schon so
   71                   ;   (CP/M Alteration Guide page 17)
   72                   ;
   73                   ;------------------------------------------------------------------------------
   74                   
   75                   	.LFCOND
   76                   
   77         000B      BIOSVER EQU 11		; BIOS version 1.1
   78                   
   79         0016      CPMVER	EQU 22		; CP/M version 2.2
   80         0000      FALSE	EQU 0
   81         FFFF      TRUE	EQU NOT FALSE
   82         FFFF      TEST	EQU TRUE
   83         000D      CR	EQU 0DH		; carriage return
   84         000A      LF	EQU 0AH		; line feed
   85                   
   86                   ;------------------------------------------------------------------------------
   87                   ; Variant switches
   88                   
   89         FFFF      DG_NEW	EQU TRUE	; new drive tables (include files generated with
   90                   			; NDiskDef)
   91                   
   92                   ; aktiviert alle bisherigen Aenderungen gegenueber der Originalversion 3.1
   93         FFFF      DG_B800	EQU TRUE	; drive B is 800 KB (same as drive A)
   94         0000      DG_B144	EQU FALSE	; drive B as HD drive (5 1/4 inch, 1.44 MB)
   95         0000      DG_B14	EQU FALSE	; drive B as HD drive (5 1/4 inch, 1.4 MB)
   96         0000      DG_B12	EQU FALSE	; drive B as HD drive (5 1/4 inch, 1.2 MB)
   97                   
   98         FFFF      DG_C800	EQU TRUE	; drive C is 800 KB (same as drive A)
   99         0000      DG_C14	EQU FALSE	; drive C as HD drive (5 1/4 inch, 1.4 MB)
  100         0000      DG_C12	EQU FALSE	; drive C as HD drive (5 1/4 inch, 1.2 MB)
  101         0000      DG_CIBM	EQU FALSE	; drive C is IBM
  102                   
  103         0000      DG_D800	EQU FALSE	; drive D is 800 KB (same as drive A)
  104         0000      DG_D144	EQU FALSE	; drive D as HD drive (5 1/4 inch, 1.44 MB)
  105         0000      DG_D14	EQU FALSE	; drive D as HD drive (5 1/4 inch, 1.4 MB)
  106         FFFF      DG_D12	EQU TRUE	; drive D as HD drive (5 1/4 inch, 1.2 MB)
  107         0000      DG_DIBM	EQU FALSE	; drive D is IBM
  108                   
  109         FFFF      NEWIDE	EQU TRUE	; new IDE/CF format (8192 KB)
  110                   
  111         0000      DEBOUT	EQU FALSE	; debug outputs
  112         0000      BTDRV	EQU 0		; drive A:
  113                   ;BTDRV	EQU 4		; drive E: (IDE/CF)
  114                   
  115                   ; logical drive to boot from
  116                   	; boot from disk A (800KB NDE/NKC format)
Z80ASM SuperFast Relocating Macro Assembler     	    Z80ASM 1.32 Page   3
NBIOS11 Z80

  117         FFFF      	IF BTDRV = 0	; drive A
  118         0008      BTSEC	EQU 8		; start sector of CP/M on disk with 1024 bytes/sector
  119         0028      BTSECN	EQU 40		; sector per track
  120                   	ENDIF
  121                   	
  122                   	; boot from IDE/CF (2 MB format)
  123         0000      	IF BTDRV = 4	; drive E
  124                   BTSEC	EQU 1		; start sector of CP/M on IDE/CF (second sector)
  125                   BTSECN	EQU 64		; sector per track
  126                   	ENDIF
  127                   
  128                   ;------------------------------------------------------------------------------
  129                   ; Monitor functions
  130                   
  131         F003      MCONIN	EQU 0F003H	; read one char from READER device -> A
  132         F006      MREAD	EQU 0F006H	; read one char from READER device -> A
  133         F009      MCONOUT	EQU 0F009H	; write one char to CONSOLE (C)
  134         F00C      MPUNCH	EQU 0F00CH	; write one char to PUNCH device (C)
  135         F00F      MLIST	EQU 0F00FH	; write one char to LIST device (C)			
  136         F012      MCONST	EQU 0F012H	; get console status
  137         F01E      MSTART	EQU 0F01EH	; restart Monitor
  138         F021      MFLOP	EQU 0F021H	; new Mini/Maxi routine in Monitor
  139         F02A      MIDERD	EQU 0F02AH	; read sector from mini/maxi floppy
  140         F02D      MIDEWR	EQU 0F02DH	; write sector to mini/maxi floppy
  141         F033      MWARM	EQU 0F033H	; Monitor warm start, will be overwritten by BIOS
  142         F036      MWRSTR	EQU 0F036H	; Write string, will be overwritten by BIOS (do no call!)
  143                   
  144                   ;------------------------------------------------------------------------------
  145                   ; CPM and BIOS sizes and addresses
  146                   
  147         003A      MSIZE 	EQU 58			; actual memory size of this BIOS (58K)
  148                   ;MSIZE 	EQU 59			; actual memory size of this BIOS (58K)
  149                   ;MSIZE 	EQU 60			; default memory size model (60K)
  150                   
  151         9800      BIAS	EQU (MSIZE - 20) * 1024	; smallest memory model is 20K
  152         CC00      CCP	EQU 3400H + BIAS	; start of CCP (CP/M), smallest memory model starts at 3400h
  153         D406      BDOS	EQU CCP + 806H		; BDOS entry behind 6 byte serial number, size of CCP is 800h
  154         1600      CPML	EQU 1600H		; length of CP/M (CCP + BDOS)
  155         E200      BIOS	EQU CCP + CPML		; start of BIOS
  156                   
  157         D400      BDOSADR	EQU BDOS - 6		; actual start address of BDOS (used for patches)
  158                   
  159         CC00      CPMB	EQU CCP			; CP/M boot entry
  160                   
  161         002C      NSECTS	EQU CPML / 128		; Number of logical sectors ocupied by CP/M
  162                   				; (used for for WBOOT)
  163                   
  164                   ;-----------------------------------------------------------------------------
  165                   ; Memory addresses below 0100h
  166                   
  167         0000      JWARM	EQU 0000H	; JMP to WBOOT
  168         0003      IOBYTE	EQU 0003H	; Address of IOBYTE
  169         0004      CDISK	EQU 0004H	; Address of last used drive and user (low-nibble: current drive, high-nibble: current user)
  170         0005      JBDOS	EQU 0005H	; JMP to BDOS
  171         0038      JRST7	EQU 0038H	; JMP RST7 (7*8)
  172         0080      BUFF	EQU 0080H	; buffer address
  173         0005      RETRY	EQU 5		; Fehlerversuche bei BOOT und Maxi Read/Write
  174                   
Z80ASM SuperFast Relocating Macro Assembler     	    Z80ASM 1.32 Page   4
NBIOS11 Z80

  175                   ;-----------------------------------------------------------------------------
  176                   
  177         E200      	ORG BIOS	; regular start of BIOS
  178                   	;ORG BIOS-4000H	; for debugging
  179                   
  180 E200              STARTBIOS:
  181                   
  182 E200  C3 E3AF     	JP BOOT		; Cold boot
  183                   
  184                   	; --- start of offical BIOS calls ---
  185                   	
  186 E203  C3 E3DC     WBOOTE:	JP WBOOT	; Warm boot (CTRL-C)
  187 E206  C3 F012     	JP MCONST	; Get CONSOLE status -> A, 0FFh if character available
  188 E209  C3 E3AB     	JP CONIN	; Input character from CONSOLE -> A
  189 E20C  C3 F009     	JP MCONOUT	; Output character to CONSOLE (C)
  190 E20F  C3 F00F     	JP MLIST	; Output character to LIST device (C)
  191 E212  C3 F00C     	JP MPUNCH	; Output character to PUNCH device (C)
  192 E215  C3 F006     	JP MREAD	; Input character from READER device -> A
  193                   
  194 E218  C3 E47D     	JP HOME		; Select track home position (no execution)
  195 E21B  C3 E482     	JP SELDSK	; Select drive, drive 0..n-1 in C, returns disk parameter header block in HL
  196 E21E  C3 E4CC     	JP SETTRK	; Select track for read/write, track in C (logic tracks!!! e.g. 0..159)
  197 E221  C3 E4D1     	JP SETSEC	; Select sector for read/write, sector in C (logic sectors!!! e.g. 0..39)
  198 E224  C3 E4EF     	JP SETDMA	; Set disk read/write address (no real DMA), address in BC
  199 E227  C3 E518     	JP READ		; Read sector
  200 E22A  C3 E5A4     	JP WRITE	; Write sector
  201 E22D  C3 E47A     	JP LISTST	; Listener ready? (not implemented, returns 1 = not ready)
  202 E230  C3 E4D6     	JP SECTRAN	; sector translation (skew only)
  203                   	
  204                   	; --- end of offical BIOS calls ---
  205                   
  206 E233  C3 E3A8     	JP GETVER	; get BIOS version
  207 E236  C3 E4F5     	JP GETPHY	; get physical drive parameters (for diskcopy and similar
  208                   			; utilities)
  209                   	
  210                   	;JP FLUSH	; BDOS close and write sector buffer to disk (not used)
  211                   
  212                   ;-----------------------------------------------------------------------------
  213                   
  214                   	; size of mini disks A, B, C
  215                   	; TRUNC(5 logical sectors * 1024 logical sector size * (2*80 tracks - 4 offset) / 2048 block size) - 1 = ca. 780 KB
  216                   	; TRUNC (5 * 1024 * (160-4)/2048) - 1 = ca. 780 K
  217                   
  218                   	;DISKS 8		; define 8 drives (A..H)
  219         0008      NDISKS	EQU	8	
  220                   
  221         E239      DPBASE	EQU	$		;BASE OF DISK PARAMETER BLOCKS
  222                   
  223 E239  0000  0000  DPE0:	DW	XLT0,0000H	;TRANSLATE TABLE
  224 E23D  0000  0000  	DW	0000H,0000H	;SCRATCH AREA
  225 E241  E7BB  E2B9  	DW	DIRBUF,DPB0	;DIR BUFF,PARM BLOCK
  226 E245  E87B  E83B  	DW	CSV0,ALV0	;CHECK, ALLOC VECTORS
  227                   
  228 E249  0000  0000  DPE1:	DW	XLT1,0000H	;TRANSLATE TABLE
  229 E24D  0000  0000  	DW	0000H,0000H	;SCRATCH AREA
  230 E251  E7BB  E2D0  	DW	DIRBUF,DPB1	;DIR BUFF,PARM BLOCK
  231 E255  E8FB  E8BB  	DW	CSV1,ALV1	;CHECK, ALLOC VECTORS
  232                   
Z80ASM SuperFast Relocating Macro Assembler     	    Z80ASM 1.32 Page   5
NBIOS11 Z80

  233 E259  0000  0000  DPE2:	DW	XLT2,0000H	;TRANSLATE TABLE
  234 E25D  0000  0000  	DW	0000H,0000H	;SCRATCH AREA
  235 E261  E7BB  E2E7  	DW	DIRBUF,DPB2	;DIR BUFF,PARM BLOCK
  236 E265  E97B  E93B  	DW	CSV2,ALV2	;CHECK, ALLOC VECTORS
  237                   
  238 E269  0000  0000  DPE3:	DW	XLT3,0000H	;TRANSLATE TABLE
  239 E26D  0000  0000  	DW	0000H,0000H	;SCRATCH AREA
  240 E271  E7BB  E2FE  	DW	DIRBUF,DPB3	;DIR BUFF,PARM BLOCK
  241 E275  E9FB  E9BB  	DW	CSV3,ALV3	;CHECK, ALLOC VECTORS
  242                   
  243 E279  0000  0000  DPE4:	DW	0000h, 0000h
  244 E27D  0000  0000  	DW	0000h, 0000h
  245 E281  E7BB  E315  	DW	DIRBUF, DPB4
  246 E285  EABB  EA3B  	DW	CSV4, ALV4
  247                   
  248 E289  0000  0000  DPE5:	DW	0000h, 0000h
  249 E28D  0000  0000  	DW	0000h, 0000h
  250 E291  E7BB  E315  	DW	DIRBUF, DPB5
  251 E295  EB3B  EABB  	DW	CSV5, ALV5
  252                   
  253 E299  0000  0000  DPE6:	DW	0000h, 0000h
  254 E29D  0000  0000  	DW	0000h, 0000h
  255 E2A1  E7BB  E315  	DW	DIRBUF, DPB6
  256 E2A5  EBBB  EB3B  	DW	CSV6, ALV6
  257                   
  258 E2A9  0000  0000  DPE7:	DW	0000h, 0000h
  259 E2AD  0000  0000  	DW	0000h, 0000h
  260 E2B1  E7BB  E315  	DW	DIRBUF, DPB7
  261 E2B5  EC3B  EBBB  	DW	CSV7, ALV7
  262                   
  263         FFFF      	IF DG_NEW
  264                   
  265                   	$INCLUDE NBIOS11.DPB
    1                   ; ndiskdef NBIOS11.DPB created 03.10.26 18:16 by NDiskDef 1.0
    2                   ; drive 0 F800K (800K, 1024 bytes/sec, 5 sec/trk, 80 trks/side, 2 sides, MiniDD)
    3                   ; NDISKDEF 0,1024,5,80,2,MiniDD , 2048,256,256,4
    4                   ; DISKDEF 5,0,39,1,2048,390,256,256,4
    5                   ; generated by NDiskDef 1.0
    6         E2B9      DPB0	EQU $	; disk param block
    7 E2B9  0028        	DW 40	; spt
    8 E2BB  04          	DB 4	; bsh
    9 E2BC  0F          	DB 15	; blm
   10 E2BD  00          	DB 0	; exm
   11 E2BE  0185        	DW 389	; dsm (0..n-1)
   12 E2C0  00FF        	DW 255	; drm (0..n-1)
   13 E2C2  F0          	DB 240	; al0
   14 E2C3  00          	DB 0	; al1
   15 E2C4  0040        	DW 64	; cks
   16 E2C6  0004        	DW 4	; ofs
   17                   	; paramters for blocking/deblocking
   18 E2C8  03          	DB 3	; psh (phys. shift)
   19 E2C9  07          	DB 7	; phm (phys. mask)
   20                   	; FLO register
   21 E2CA  20          	DB 020h	; Bit5:0=Maxi/1=Mini, Bit4:0=DD/1=SS
   22                   	; physical parameters
   23 E2CB  0400        	DW 1024	; bytes/sector
   24 E2CD  04          	DB 5 - 1	; sectors/track - 1 (0..n-1)
   25 E2CE  4F          	DB 80 - 1	; tracks/side - 1 (0..n-1)
Z80ASM SuperFast Relocating Macro Assembler     	    Z80ASM 1.32 Page   6
NBIOS11 DPB

   26 E2CF  02          	DB 2	; sides
   27                   
   28         0000      XLT0	EQU 0	; no translation table
   29                   
   30                   ; drive 1 F800K (800K, 1024 bytes/sec, 5 sec/trk, 80 trks/side, 2 sides, MiniDD)
   31                   ; NDISKDEF 1,1024,5,80,2,MiniDD , 2048,256,256,4
   32                   ; DISKDEF 5,0,39,1,2048,390,256,256,4
   33                   ; generated by NDiskDef 1.0
   34         E2D0      DPB1	EQU $	; disk param block
   35 E2D0  0028        	DW 40	; spt
   36 E2D2  04          	DB 4	; bsh
   37 E2D3  0F          	DB 15	; blm
   38 E2D4  00          	DB 0	; exm
   39 E2D5  0185        	DW 389	; dsm (0..n-1)
   40 E2D7  00FF        	DW 255	; drm (0..n-1)
   41 E2D9  F0          	DB 240	; al0
   42 E2DA  00          	DB 0	; al1
   43 E2DB  0040        	DW 64	; cks
   44 E2DD  0004        	DW 4	; ofs
   45                   	; paramters for blocking/deblocking
   46 E2DF  03          	DB 3	; psh (phys. shift)
   47 E2E0  07          	DB 7	; phm (phys. mask)
   48                   	; FLO register
   49 E2E1  20          	DB 020h	; Bit5:0=Maxi/1=Mini, Bit4:0=DD/1=SS
   50                   	; physical parameters
   51 E2E2  0400        	DW 1024	; bytes/sector
   52 E2E4  04          	DB 5 - 1	; sectors/track - 1 (0..n-1)
   53 E2E5  4F          	DB 80 - 1	; tracks/side - 1 (0..n-1)
   54 E2E6  02          	DB 2	; sides
   55                   
   56         0000      XLT1	EQU 0	; no translation table
   57                   
   58                   ; drive 2 F800K (800K, 1024 bytes/sec, 5 sec/trk, 80 trks/side, 2 sides, MiniDD)
   59                   ; NDISKDEF 2,1024,5,80,2,MiniDD , 2048,256,256,4
   60                   ; DISKDEF 5,0,39,1,2048,390,256,256,4
   61                   ; generated by NDiskDef 1.0
   62         E2E7      DPB2	EQU $	; disk param block
   63 E2E7  0028        	DW 40	; spt
   64 E2E9  04          	DB 4	; bsh
   65 E2EA  0F          	DB 15	; blm
   66 E2EB  00          	DB 0	; exm
   67 E2EC  0185        	DW 389	; dsm (0..n-1)
   68 E2EE  00FF        	DW 255	; drm (0..n-1)
   69 E2F0  F0          	DB 240	; al0
   70 E2F1  00          	DB 0	; al1
   71 E2F2  0040        	DW 64	; cks
   72 E2F4  0004        	DW 4	; ofs
   73                   	; paramters for blocking/deblocking
   74 E2F6  03          	DB 3	; psh (phys. shift)
   75 E2F7  07          	DB 7	; phm (phys. mask)
   76                   	; FLO register
   77 E2F8  20          	DB 020h	; Bit5:0=Maxi/1=Mini, Bit4:0=DD/1=SS
   78                   	; physical parameters
   79 E2F9  0400        	DW 1024	; bytes/sector
   80 E2FB  04          	DB 5 - 1	; sectors/track - 1 (0..n-1)
   81 E2FC  4F          	DB 80 - 1	; tracks/side - 1 (0..n-1)
   82 E2FD  02          	DB 2	; sides
   83                   
Z80ASM SuperFast Relocating Macro Assembler     	    Z80ASM 1.32 Page   7
NBIOS11 DPB

   84         0000      XLT2	EQU 0	; no translation table
   85                   
   86                   ; drive 3 F1200K (1200K, 512 bytes/sec, 15 sec/trk, 80 trks/side, 2 sides, MiniHD)
   87                   ; NDISKDEF 3,512,15,80,2,MiniHD , 4096,256,256,2
   88                   ; DISKDEF 15,0,59,1,4096,296,256,256,2
   89                   ; generated by NDiskDef 1.0
   90         E2FE      DPB3	EQU $	; disk param block
   91 E2FE  003C        	DW 60	; spt
   92 E300  05          	DB 5	; bsh
   93 E301  1F          	DB 31	; blm
   94 E302  01          	DB 1	; exm
   95 E303  0127        	DW 295	; dsm (0..n-1)
   96 E305  00FF        	DW 255	; drm (0..n-1)
   97 E307  C0          	DB 192	; al0
   98 E308  00          	DB 0	; al1
   99 E309  0040        	DW 64	; cks
  100 E30B  0002        	DW 2	; ofs
  101                   	; paramters for blocking/deblocking
  102 E30D  02          	DB 2	; psh (phys. shift)
  103 E30E  03          	DB 3	; phm (phys. mask)
  104                   	; FLO register
  105 E30F  00          	DB 000h	; Bit5:0=Maxi/1=Mini, Bit4:0=DD/1=SS
  106                   	; physical parameters
  107 E310  0200        	DW 512	; bytes/sector
  108 E312  0E          	DB 15 - 1	; sectors/track - 1 (0..n-1)
  109 E313  4F          	DB 80 - 1	; tracks/side - 1 (0..n-1)
  110 E314  02          	DB 2	; sides
  111                   
  112         0000      XLT3	EQU 0	; no translation table
  113                   
  114                   ; drive 4 CF8M (8192K, 256 bytes/sec, 128 sec/trk, 256 trks/side, 1 sides, IDE/CF)
  115                   ; NDISKDEF 4,256,128,256,1,IDE/CF , 8192,256,0,0
  116                   ; DISKDEF 128,0,255,1,8192,1024,256,0,0
  117                   ; generated by NDiskDef 1.0
  118         E315      DPB4	EQU $	; disk param block
  119 E315  0100        	DW 256	; spt
  120 E317  06          	DB 6	; bsh
  121 E318  3F          	DB 63	; blm
  122 E319  03          	DB 3	; exm
  123 E31A  03FF        	DW 1023	; dsm (0..n-1)
  124 E31C  00FF        	DW 255	; drm (0..n-1)
  125 E31E  80          	DB 128	; al0
  126 E31F  00          	DB 0	; al1
  127 E320  0000        	DW 0	; cks
  128 E322  0000        	DW 0	; ofs
  129                   	; paramters for blocking/deblocking
  130 E324  01          	DB 1	; psh (phys. shift)
  131 E325  01          	DB 1	; phm (phys. mask)
  132                   	; FLO register
  133 E326  00          	DB 0	; (not used)
  134                   	; physical parameters
  135 E327  0100        	DW 256	; bytes/sector
  136 E329  7F          	DB 128 - 1	; sectors/track - 1 (0..n-1)
  137 E32A  FF          	DB 256 - 1	; tracks/side - 1 (0..n-1)
  138 E32B  01          	DB 1	; sides
  139                   
  140         0000      XLT4	EQU 0	; no translation table
  141                   
Z80ASM SuperFast Relocating Macro Assembler     	    Z80ASM 1.32 Page   8
NBIOS11 DPB

  142                   ; drive 5 CF8M (8192K, 256 bytes/sec, 128 sec/trk, 256 trks/side, 1 sides, IDE/CF)
  143                   ; NDISKDEF 5,256,128,256,1,IDE/CF , 8192,256,0,0
  144                   ; DISKDEF 128,0,255,1,8192,1024,256,0,0
  145                   ; generated by NDiskDef 1.0
  146         E315      DPB5	EQU DPB4	; same as drive 4
  147         0000      XLT5	EQU XLT4
  148                   
  149                   ; drive 6 CF8M (8192K, 256 bytes/sec, 128 sec/trk, 256 trks/side, 1 sides, IDE/CF)
  150                   ; NDISKDEF 6,256,128,256,1,IDE/CF , 8192,256,0,0
  151                   ; DISKDEF 128,0,255,1,8192,1024,256,0,0
  152                   ; generated by NDiskDef 1.0
  153         E315      DPB6	EQU DPB4	; same as drive 4
  154         0000      XLT6	EQU XLT4
  155                   
  156                   ; drive 7 CF8M (8192K, 256 bytes/sec, 128 sec/trk, 256 trks/side, 1 sides, IDE/CF)
  157                   ; NDISKDEF 7,256,128,256,1,IDE/CF , 8192,256,0,0
  158                   ; DISKDEF 128,0,255,1,8192,1024,256,0,0
  159                   ; generated by NDiskDef 1.0
  160         E315      DPB7	EQU DPB4	; same as drive 4
  161         0000      XLT7	EQU XLT4
  162                   
  163                   ; end of NBIOS11.DPB
  266                   
  267                   	ELSE	; DG_NEW
  268                   
  269                   	; Disk 0 (A) ---------------------------------------------------------
  270                   
  271                   	; *** DISKDEF BEDEUTUNG DER PARAMETER***
  272                   	; 0 = NUMMER DES LAUFWERKS
  273                   	; 0 = NUMMER DES ERSTEN SEKTORS EINER SPUR
  274                   	; 39 =  NUMMER DES LETZTEN SEKTORS EINER SPUR
  275                   	; 0 = OPTIONALER VERSCHIEBUNGSFAKTOR ZUM
  276                   	;     VERSETZEN ABSPEICHERN DER SEKTOREN
  277                   	; 2048 = GROESSE EINES BLOCKS
  278                   	; 389 = ZAHL DER MAX. MOEGLICHEN BLOECKE
  279                   	; 256 = ZAHL DER DIRECTORY EINTRITTSPUNKTE
  280                   	; 256 = ZAHL DER GEPRUEFTEN EINTRITTSPUNKTE
  281                   	; OFFS = ADDITIVE KONSTANTE ZUM ANSPRECHEN DER SPUR 00
  282                   
  283                   	; physical format: 3,5 inch NKC, DD, DS, 1024 bytes/sector, 5 sectors/track, 80 tracks
  284                   	; DISKDEF 0,0,39,0,2048,390,256,256,4
  285                   DPB0	EQU	$	; DISK PARM BLOCK
  286                   	DW	40	; SEC PER TRACK
  287                   	DB	4	; BLOCK SHIFT
  288                   	DB	15	; BLOCK MASK
  289                   	DB	0	; EXTNT MASK
  290                   	DW	389	; DISK SIZE-1
  291                   	DW	255	; DIRECTORY MAX
  292                   	DB	240	; ALLOC0
  293                   	DB	0	; ALLOC1
  294                   	DW	64	; CHECK SIZE
  295                   	DW	4	; OFFSET
  296                   	; blocking/deblocking parameters
  297                   	DB 	3	  ; 40 / 5 sectors = 8 -> 2^3
  298                   	DB	00000111B ; 1024 bytes/sector -> modulo 8 (0..7)
  299                   	DB	00100000B ; Mini/DD
  300                   	; phys. parameter
  301                   	DW	1024	; bytes/sectors
Z80ASM SuperFast Relocating Macro Assembler     	    Z80ASM 1.32 Page   9
NBIOS11 Z80

  302                   	DB	5-1	; max sectors/track
  303                   	DB	80-1	; max. tracks per side
  304                   	DB	2	; sides
  305                   	
  306                   XLT0	EQU	0	; NO XLATE TABLE
  307                   
  308                   	; Disk 1 (B)----------------------------------------------------------
  309                   
  310                   	IF DG_B800
  311                   
  312                   	; same as Disk A
  313                   DPB1	EQU	DPB0	; EQUIVALENT PARAMETERS
  314                   XLT1	EQU	XLT0	; SAME TRANSLATE TABLE
  315                   
  316                   	ENDIF		; DG_B800
  317                   
  318                   	IF DG_B144
  319                   
  320                   	; PHYSICAL FORMAT: 1.44 MB, HD, DS, 1024 BYTES/SECTOR, 4096 Bytes/Block, 9 SECTORS/TRACK, 80 TRACKS
  321                   DPB1	EQU	$	; DISK PARM BLOCK
  322                    	DW	72	; SEC PER TRACK
  323                    	DB	5	; BLOCK SHIFT
  324                    	DB	31	; BLOCK MASK
  325                    	DB	1	; EXTNT MASK
  326                    	DW	354	; DISK SIZE-1
  327                     	DW	255	; DIRECTORY MAX
  328                    	DB	192	; ALLOC0
  329                    	DB	0	; ALLOC1
  330                    	DW	64	; CHECK SIZE
  331                    	DW	2	; OFFSET
  332                   	; additional parameters:
  333                   	DB 	3	  ; 72 / 9 = 8 -> 2^3
  334                   	DB	00000111B ; 1024 bytes/sector -> modulo 8 (0..7)
  335                    	DB	00000000B ; Maxi/HD
  336                   	; phys. parameters
  337                   	DW	1024	; bytes/sectors
  338                   	DB	9-1	; highest sectors/track
  339                   	DB	80-1	; highest tracks per side
  340                   	DB	2	; sides
  341                   	
  342                   XLT1	EQU	0	; NO XLATE TABLE
  343                   
  344                   	ENDIF
  345                   	
  346                   	IF DG_B14
  347                   
  348                   	; PHYSICAL FORMAT: 1.4 MB, HD, DS, 1024 BYTES/SECTOR, 4096 Bytes/Block, 8 SECTORS/TRACK, 80 TRACKS
  349                   DPB1	EQU	$	; DISK PARM BLOCK
  350                    	DW	64	; SEC PER TRACK
  351                    	DB	5	; BLOCK SHIFT
  352                    	DB	31	; BLOCK MASK
  353                    	DB	1	; EXTNT MASK
  354                    	DW	315	; DISK SIZE-1
  355                     	DW	255	; DIRECTORY MAX
  356                    	DB	192	; ALLOC0
  357                    	DB	0	; ALLOC1
  358                    	DW	64	; CHECK SIZE
  359                    	DW	2	; OFFSET
Z80ASM SuperFast Relocating Macro Assembler     	    Z80ASM 1.32 Page  10
NBIOS11 Z80

  360                   	; additional parameters:
  361                   	DB 	2	  ; 60 / 15 = 4 -> 2^2
  362                   	DB	00000011B ; 1024 bytes/sector -> modulo 4 (0..3)
  363                   	DB	00000000B ; Maxi/HD
  364                   	; phys. parameters
  365                   	DW	1024	; bytes/sectors
  366                   	DB	8-1	; highest sector/track
  367                   	DB	80-1	; highest track per side
  368                   	DB	2	; sides
  369                   
  370                   XLT1	EQU	0	; NO XLATE TABLE
  371                    
  372                   	ENDIF	; DG_B14
  373                   
  374                   	IF DG_B12
  375                   
  376                   	; PHYSICAL FORMAT: 1.2 MB, HD, DS, 512 BYTES/SECTOR, 4096 Bytes/Block, 15 SECTORS/TRACK, 80 TRACKS
  377                   DPB1	EQU	$	; DISK PARM BLOCK
  378                    	DW	60	; SEC PER TRACK
  379                    	DB	5	; BLOCK SHIFT
  380                    	DB	31	; BLOCK MASK
  381                    	DB	1	; EXTNT MASK
  382                    	DW	295	; DISK SIZE-1
  383                     	DW	255	; DIRECTORY MAX
  384                    	DB	192	; ALLOC0
  385                    	DB	0	; ALLOC1
  386                    	DW	64	; CHECK SIZE
  387                    	DW	2	; OFFSET
  388                   	; additional parameters:
  389                   	DB 	2	  ; 60 / 15 = 4 -> 2^2
  390                   	DB	00000011B ; 512 bytes/sector -> modulo 4 (0..3)
  391                   	DB	00000000B ; Maxi/HD
  392                   	; phys. parameters
  393                   	DW	512	; bytes/sectors
  394                   	DB	15-1	; highest sector/track
  395                   	DB	80-1	; highest track per side
  396                   	DB	2	; sides
  397                   
  398                   XLT1	EQU	0	; NO XLATE TABLE
  399                   
  400                   	ENDIF	; DG_B12
  401                   
  402                   	; Disk 2 (C) ---------------------------------------------------------
  403                   
  404                   	IF DG_C800
  405                   
  406                   DPB2	EQU	DPB0	; EQUIVALENT PARAMETERS
  407                   XLT2	EQU	XLT0	; SAME TRANSLATE TABLE
  408                   
  409                   	ENDIF		; DG_C800
  410                   
  411                   	IF DG_C14
  412                   
  413                   	; PHYSICAL FORMAT: 1.4 MB, HD, DS, 1024 BYTES/SECTOR, 4096 Bytes/Block, 8 SECTORS/TRACK, 80 TRACKS
  414                   DPB2	EQU	$	; DISK PARM BLOCK
  415                    	DW	64	; SEC PER TRACK
  416                    	DB	5	; BLOCK SHIFT
  417                    	DB	31	; BLOCK MASK
Z80ASM SuperFast Relocating Macro Assembler     	    Z80ASM 1.32 Page  11
NBIOS11 Z80

  418                    	DB	1	; EXTNT MASK
  419                    	DW	315	; DISK SIZE-1
  420                     	DW	255	; DIRECTORY MAX
  421                    	DB	192	; ALLOC0
  422                    	DB	0	; ALLOC1
  423                    	DW	64	; CHECK SIZE
  424                    	DW	2	; OFFSET
  425                   	; additional parameters:
  426                   	DB 	2	  ; 60 / 15 = 4 -> 2^2
  427                   	DB	00000111B ; 1024 bytes/sector -> modulo 8 (0..7)
  428                   	DB	00000000B ; Maxi/HD
  429                   	; phys. parameters
  430                   	DW	1024	; bytes/sectors
  431                   	DB	9-1	; highest sector/track
  432                   	DB	80-1	; highest track per side
  433                   	DB	2	; sides
  434                   	
  435                   XLT2	EQU	0	; NO XLATE TABLE
  436                    
  437                   	ENDIF	; DG_C14
  438                   
  439                   	IF DG_C12
  440                   
  441                   	; PHYSICAL FORMAT: 1.2 MB, HD, DS, 512 BYTES/SECTOR, 4096 Bytes/Block, 15 SECTORS/TRACK, 80 TRACKS
  442                   DPB2	EQU	$	; DISK PARM BLOCK
  443                    	DW	60	; SEC PER TRACK
  444                    	DB	5	; BLOCK SHIFT
  445                    	DB	31	; BLOCK MASK
  446                    	DB	1	; EXTNT MASK
  447                    	DW	295	; DISK SIZE-1
  448                     	DW	255	; DIRECTORY MAX
  449                    	DB	192	; ALLOC0
  450                    	DB	0	; ALLOC1
  451                    	DW	64	; CHECK SIZE
  452                    	DW	2	; OFFSET
  453                   	; additional parameters:
  454                   	DB 	2	  ; 60 / 15 = 4 -> 2^2
  455                   	DB	00000011B ; 512 bytes/sector -> modulo 4 (0..3)
  456                   	DB	00000000B ; Maxi/HD
  457                   	; phys. parameters
  458                   	DW	512	; bytes/sectors
  459                   	DB	15-1	; highest sector/track
  460                   	DB	80-1	; highest track per side
  461                   	DB	2	; sides
  462                   	
  463                   XLT2	EQU	0	; NO XLATE TABLE
  464                   
  465                   	ENDIF	; DG_C12
  466                   
  467                   	; Disk 3 (D) --------------------------------------------------------
  468                   
  469                   	IF DG_D800
  470                   
  471                   DPB3	EQU	DPB0	; EQUIVALENT PARAMETERS
  472                   XLT3	EQU	XLT0	; SAME TRANSLATE TABLE
  473                   
  474                   	ENDIF		; DG_D800
  475                   	
Z80ASM SuperFast Relocating Macro Assembler     	    Z80ASM 1.32 Page  12
NBIOS11 Z80

  476                   	IF DG_DIBM
  477                   	
  478                   	; physical format: 8 inch, SD, SS, 128 bytes/sector, 26 sectors/track, 77 tracks
  479                   	; DISKDEF 3,1,26,6,1024,243,64,64,2 ; 8 ZOLL DEFINITION
  480                   
  481                   DPB3	EQU	$	; DISK PARM BLOCK
  482                    	DW	26	; SEC PER TRACK
  483                    	DB	3	; BLOCK SHIFT
  484                    	DB	7	; BLOCK MASK
  485                    	DB	0	; EXTNT MASK
  486                    	DW	242	; DISK SIZE-1
  487                    	DW	63	; DIRECTORY MAX
  488                    	DB	192	; ALLOC0
  489                    	DB	0	; ALLOC1
  490                    	DW	16	; CHECK SIZE
  491                    	DW	2	; OFFSET
  492                   	; blocking/deblocking parameters PRUEFEN!!!:
  493                   	DB	0	  ; 26 / 26 = 1 -> 2^0 (no deblocking)
  494                   	DB	00000000B ; 128 bytes/sector -> modulo 1 (0) (no deblocking)
  495                   	DB	01000000B ; Maxi/SD
  496                   	; phys. parameters
  497                   	DW	128	; bytes/sectors
  498                   	DB	26-1	; highest sector/track
  499                   	DB	77-1	; highest track per side
  500                   	DB	1	; side
  501                   
  502                   	; TRANSLATE TABLE
  503                   XLT3	EQU	$
  504                    	DB	1		
  505                    	DB	7		
  506                    	DB	13		
  507                    	DB	19		
  508                    	DB	25		
  509                    	DB	5		
  510                    	DB	11		
  511                    	DB	17		
  512                    	DB	23		
  513                    	DB	3		
  514                    	DB	9		
  515                    	DB	15		
  516                    	DB	21		
  517                    	DB	2		
  518                    	DB	8		
  519                    	DB	14		
  520                    	DB	20		
  521                     	DB	26		
  522                    	DB	6		
  523                    	DB	12		
  524                    	DB	18		
  525                    	DB	24		
  526                    	DB	4		
  527                    	DB	10		
  528                    	DB	16		
  529                    	DB	22
  530                   	
  531                   	ENDIF		; DG_DIBM
  532                   
  533                   	IF DG_D144
Z80ASM SuperFast Relocating Macro Assembler     	    Z80ASM 1.32 Page  13
NBIOS11 Z80

  534                   
  535                   	; PHYSICAL FORMAT: 1.44 MB, HD, DS, 1024 BYTES/SECTOR, 4096 Bytes/Block, 9 SECTORS/TRACK, 80 TRACKS
  536                   DPB3	EQU	$	; DISK PARM BLOCK
  537                    	DW	72	; SEC PER TRACK
  538                    	DB	5	; BLOCK SHIFT
  539                    	DB	31	; BLOCK MASK
  540                    	DB	1	; EXTNT MASK
  541                    	DW	354	; DISK SIZE-1
  542                     	DW	255	; DIRECTORY MAX
  543                    	DB	192	; ALLOC0
  544                    	DB	0	; ALLOC1
  545                    	DW	64	; CHECK SIZE
  546                    	DW	2	; OFFSET
  547                   	; blocking/deblocking parameters: PRUEFEN !!!
  548                   	DB 	3	  ; 72 / 9 = 8 -> 2^3
  549                   	DB	00000111B ; 512 bytes/sector -> modulo 8 (0..7)
  550                    	DB	00000000B ; Maxi/HD
  551                   	; phys. parameters
  552                   	DW	1024	; bytes/sectors
  553                   	DB	9-1	; highest sector/track
  554                   	DB	80-1	; highest track per side
  555                   	DB	2	; sides
  556                   	
  557                   XLT3	EQU	0	; NO XLATE TABLE
  558                   
  559                   	ENDIF		; DG_D144
  560                   	
  561                   	IF DG_D14
  562                   
  563                   	; PHYSICAL FORMAT: 1.4 MB, HD, DS, 1024 BYTES/SECTOR, 4096 Bytes/Block, 8 SECTORS/TRACK, 80 TRACKS
  564                   DPB3	EQU	$	; DISK PARM BLOCK
  565                    	DW	64	; SEC PER TRACK
  566                    	DB	5	; BLOCK SHIFT
  567                    	DB	31	; BLOCK MASK
  568                    	DB	1	; EXTNT MASK
  569                    	DW	315	; DISK SIZE-1
  570                     	DW	255	; DIRECTORY MAX
  571                    	DB	192	; ALLOC0
  572                    	DB	0	; ALLOC1
  573                    	DW	64	; CHECK SIZE
  574                    	DW	2	; OFFSET
  575                   	; blocking/deblocking parameters:
  576                   	DB 	2	  ; 60 / 15 = 4 -> 2^2
  577                   	DB	00000011B ; 512 bytes/sector -> modulo 0..3
  578                   	DB	00000000B ; Maxi/HD
  579                   	; phys. parameters
  580                   	DW	1024	; bytes/sectors
  581                   	DB	8-1	; highest sector/track
  582                   	DB	80-1	; highest track per side
  583                   	DB	2	; sides
  584                   	
  585                   XLT3	EQU	0	; NO XLATE TABLE
  586                    
  587                   	ENDIF		; DG_D14
  588                   
  589                   	IF DG_D12
  590                   
  591                   	; PHYSICAL FORMAT: 1.2 MB, HD, DS, 512 BYTES/SECTOR, 4096 Bytes/Block, 15 SECTORS/TRACK, 80 TRACKS
Z80ASM SuperFast Relocating Macro Assembler     	    Z80ASM 1.32 Page  14
NBIOS11 Z80

  592                   DPB3	EQU	$	; DISK PARM BLOCK
  593                    	DW	60	; SEC PER TRACK
  594                    	DB	5	; BLOCK SHIFT
  595                    	DB	31	; BLOCK MASK
  596                    	DB	1	; EXTNT MASK
  597                    	DW	295	; DISK SIZE-1
  598                     	DW	255	; DIRECTORY MAX
  599                    	DB	192	; ALLOC0
  600                    	DB	0	; ALLOC1
  601                    	DW	64	; CHECK SIZE
  602                    	DW	2	; OFFSET
  603                   	; blocking/deblocking parameters:
  604                   	DB 	2	  ; 60 / 15 = 4 -> 2^2
  605                   	DB	00000011B ; 512 bytes/sector -> modulo 4 (0..3)
  606                   	DB	00000000B ; Maxi/HD
  607                   	; phys. parameters
  608                   	DW	512	; bytes/sectors
  609                   	DB	15-1	; highest sector/track
  610                   	DB	80-1	; highest track per side
  611                   	DB	2	; sides
  612                   	
  613                   XLT3	EQU	0	; NO XLATE TABLE
  614                   
  615                   	ENDIF	; DG_D12
  616                   
  617                   
  618                   	; Disk 4 (E), IDE partition 0 ----------------------------------------
  619                   	
  620                   DPB4:	;disk parameter block for all disks.
  621                   	IF FALSE
  622                   	; Disk size 2 mb, DSM 1023, yields 256 tracks (0 to 255)
  623                   	DW	64	; sectors per track
  624                   	DB	4	; block shift factor
  625                   	DB	15	; block mask - with block shift, sets block size to 1024
  626                   	DB	0	; null mask
  627                   	DW	1023	; disk size-1 = number of blocks in a disk - 1
  628                   	DW	256	; directory max = no. directory entries/disk, arbitrary
  629                   	DB	240	; alloc 0 -- need 4 bits (blocks) for 256 directory entries -- 
  630                   	DB	0	; alloc 1 -- no. bits = (directory max x 32)/block size	
  631                   	DW	0	; check size -- no checking, so zero
  632                   	DW	1	; track offset -- first track for system
  633                   	; blocking/deblocking parameters (not used):
  634                   	DB	0,0,0
  635                   	; phys. parameters (not used)
  636                   	DW	0	; bytes/sectors
  637                   	DB	0	; highest sector/track
  638                   	DB	0	; highest track per side
  639                   	DB	0	; sides
  640                   	ENDIF
  641                   	
  642                   	IF NEWIDE
  643                   	
  644                   	; pyhs: Disk size 8 MB, 256 Byte/Sector, 128 sectors/track, 256 tracks
  645                   	; BDOS: 256 Bytes/Sector, 256 sectors/track, blocksize 8192
  646                   	; DISKDEF d,1,256,0,8192,1020,256,0,1
  647                   	DW	256
  648                   	DB	6
  649                   	DB	63
Z80ASM SuperFast Relocating Macro Assembler     	    Z80ASM 1.32 Page  15
NBIOS11 Z80

  650                   	DB	3
  651                   	DW	1019
  652                   	DW	255
  653                   	DB	128
  654                   	DB	0
  655                   	DW	0
  656                   	DW	1
  657                   	; blocking/deblocking parameters (not used):
  658                   	DB	1	  ; 256 / 128 = 2 -> 2^1
  659                   	DB	00000001B ; 128 bytes/sector -> modulo 2 (0..1)
  660                   	DB	0	  ; no used
  661                   	; phys. parameters
  662                   	DW	256	; bytes/sectors
  663                   	DB	128-1	; highest sector/track
  664                   	DB	256-1	; highest track per side
  665                   	DB	1	; sides
  666                   
  667                   	ELSE	; NEWIDE
  668                   
  669                   	; Disk size 2 MB, 128 Byte/Sector, 64 sectors, 256 tracks (0 to 255), Blocksize 4096
  670                   	; DISKDEF 0,1,64,0,4096,510,256,0,1
  671                   	DW	64	; sectors per track
  672                   	DB	5	; block shift factor
  673                   	DB	31	; block mask - with block shift, sets block size to 1024
  674                   	DB	1	; null mask
  675                   	DW	509	; disk size-1 = number of blocks in a disk - 1
  676                   	DW	255	; directory max = no. directory entries/disk, arbitrary
  677                   	DB	192	; alloc 0 -- need 4 bits (blocks) for 256 directory entries -- 
  678                   	DB	0	; alloc 1 -- no. bits = (directory max x 32)/block size	
  679                   	DW	0	; check size -- no checking, so zero
  680                   	DW	1	; track offset -- first track for system
  681                   	; blocking/deblocking parameters (not used):
  682                   	DB	0,0,0
  683                   	; phys. parameters
  684                   	DW	128	; bytes/sectors
  685                   	DB	64-1	; highest sector/track
  686                   	DB	256-1	; highest track per side
  687                   	DB	1	; sides
  688                   	
  689                   	ENDIF	; NEWIDE
  690                   
  691                   	; Disk 5 (F), IDE partition 1 ----------------------------------------
  692                   DPB5	EQU	DPB4	; EQUIVALENT PARAMETERS
  693                   
  694                   	; Disk 6 (G), IDE partition 2 ----------------------------------------
  695                   DPB6	EQU	DPB4	; EQUIVALENT PARAMETERS
  696                   
  697                   	; Disk 7 (H), IDE partition 3 ----------------------------------------
  698                   DPB7	EQU	DPB4	; EQUIVALENT PARAMETERS
  699                   
  700                   	ENDIF	; DG_NEW
  701                   
  702                   ;-----------------------------------------------------------------------------
  703                   ; CP/M message after cold start
  704                   
  705 E32C  1A          SIGNON:	DB 26
  706 E32D  0D 0A 43 50 	DB CR,LF,'CP/M '
  707 E334  32 2E 32    	DB CPMVER/10+'0','.',CPMVER MOD 10+'0'
Z80ASM SuperFast Relocating Macro Assembler     	    Z80ASM 1.32 Page  16
NBIOS11 Z80

  708 E337  20 66 6F 72 	DB ' for MC-Computer '
  709 E348  35 38       	DB MSIZE/10+'0',MSIZE MOD 10+'0'
  710 E34A  4B 0D 0A    	DB 'K',CR,LF
  711 E34D  4E 42 49 4F 	DB 'NBIOS '
  712 E353  31 2E 31    	DB BIOSVER/10+'0','.',BIOSVER MOD 10+'0'
  713 E356  20 32 36 31 	DB ' 261003-02'
  714 E360  20 42 4F 4F 	DB " BOOT=",BTDRV+'A',CR,LF
  715                   
  716         FFFF      	IF DG_NEW
  717                   
  718                   	$INCLUDE NBIOS11.SIG
    1                   ; ndiskdef NBIOS11.SIG created 03.10.26 18:16 by NDiskDef 1.0
    2 E369  41 3D 46 38 DB 'A=F800K'
    3 E370  2C 42 3D 46 DB ',B=F800K'
    4 E378  2C 43 3D 46 DB ',C=F800K'
    5 E380  2C 44 3D 46 DB ',D=F1200K'
    6 E389  2C 45 3D 43 DB ',E=CF8M'
    7 E390  2C 46 3D 43 DB ',F=CF8M'
    8 E397  2C 47 3D 43 DB ',G=CF8M'
    9 E39E  2C 48 3D 43 DB ',H=CF8M'
   10                   ; end of NBIOS11.SIG
  719                   
  720                   	ELSE	; DG_NEW
  721                   
  722                   	DB "A:NKC800"
  723                   
  724                   	IF DG_B800
  725                   	DB ",B:NKC800"
  726                   	ENDIF
  727                   	IF DG_B144
  728                   	DB ",B:1,44MB"
  729                   	ENDIF
  730                   	IF DG_B14
  731                   	DB ",B:1,4MB"
  732                   	ENDIF
  733                   	IF DG_B12
  734                   	DB ",B:1,2MB"
  735                   	ENDIF
  736                   
  737                   	IF DG_C800
  738                   	DB ",C:NKC800"
  739                   	ENDIF
  740                   	IF DG_C14
  741                   	DB ",C:1,4MB"
  742                   	ENDIF
  743                   	IF DG_C12
  744                   	DB ",C:1,2MB"
  745                   	ENDIF
  746                   
  747                   	IF DG_D800
  748                   	DB ",D:NKC800"
  749                   	ENDIF
  750                   	IF DG_D144
  751                   	DB ",D:1,44MB"
  752                   	ENDIF
  753                   	IF DG_D14
  754                   	DB ",D:1,4MB"
  755                   	ENDIF
Z80ASM SuperFast Relocating Macro Assembler     	    Z80ASM 1.32 Page  17
NBIOS11 Z80

  756                   	IF DG_D12
  757                   	DB ",D:1,2MB"
  758                   	ENDIF
  759                   	IF DG_DIBM
  760                   	DB ",D:IBM"
  761                   	ENDIF
  762                   	
  763                   	DB ",E..H:"
  764                   	
  765                   	IF NEWIDE
  766                   	DB "8192K"
  767                   	ELSE
  768                   	DB "2048K"
  769                   	ENDIF
  770                   	
  771                   	ENDIF	; DG_NEW
  772                   
  773 E3A5  0D 0A 00    	DB CR,LF,0
  774                   
  775                   ;-----------------------------------------------------------------------------
  776                   ; return BIOS version in C
  777                   
  778 E3A8  0E 0B       GETVER	LD C,BIOSVER
  779 E3AA  C9          	RET
  780                   
  781                   ;-----------------------------------------------------------------------------
  782                   ; read one char from CONSOLE and clears parity bit
  783                   
  784 E3AB  CD F003     CONIN:	CALL MCONIN
  785                   	;AND 7FH
  786                   
  787         0000      	IF DEBOUT
  788                   
  789                   	CP A,1
  790                   	RET NZ
  791                   
  792                   	; toggle debug
  793                   	LD B,A
  794                   	LD A,(DEBACT)
  795                   	XOR A,01H
  796                   	LD (DEBACT),A
  797                   	LD A,B
  798                   
  799                   	ENDIF		; DEBOUT
  800                   	
  801 E3AE  C9          	RET
  802                   
  803                   ;-----------------------------------------------------------------------------
  804                   ; Cold boot
  805                   
  806 E3AF  31 0100     BOOT:	LD SP,BUFF+80H	; set stack
  807                   
  808 E3B2  21 E32C     	LD HL,SIGNON	; output start message
  809 E3B5  CD E50B     	CALL PRMSG
  810                   	
  811                   	; clear / set last used drive
  812 E3B8  3E 00       	LD A,BTDRV
  813 E3BA  32 0004     	LD (CDISK),A
Z80ASM SuperFast Relocating Macro Assembler     	    Z80ASM 1.32 Page  18
NBIOS11 Z80

  814                   	
  815                   	; sector buffer is empty, set to physical sector buffer not changed
  816 E3BD  AF          	XOR A
  817 E3BE  32 E7A6     	LD (BUFCHG),A
  818                   	
  819                   	; drive is undefined
  820 E3C1  3E FF       	LD A,0FFH
  821 E3C3  32 E7A7     	LD (CURDRV),A
  822                   
  823                   	; disable monitor entries, set to WBOOT
  824 E3C6  21 E3DC     	LD HL,WBOOT
  825 E3C9  22 F034     	LD (MWARM+1),HL
  826 E3CC  22 F037     	LD (MWRSTR+1),HL
  827                   	
  828                   	;CALL PATF	; patch BDOS close function
  829 E3CF  CD E775     	CALL PATA	; patch BDOS active drive
  830                   	;CALL PATB
  831                   
  832                   	; set steprate
  833                   	;LD D,00000000B	; max steprate 00b, no sso
  834 E3D2  16 80       	LD D,10000000B	; max steprate 00b, use sso
  835 E3D4  06 00       	LD B,0		; set steprate
  836 E3D6  CD F021     	CALL MFLOP
  837                   	
  838 E3D9  C3 E435     	JP GOCPM	; start CP/M
  839                   
  840                   ;-----------------------------------------------------------------------------
  841                   ; Warm boot
  842                   
  843 E3DC              WBOOT:	; write physical sector buffer to disk if changed
  844 E3DC  3A E7A6     	LD A,(BUFCHG)
  845 E3DF  B7          	OR A
  846 E3E0  CA E3E6     	JP Z,WBOO1
  847                   
  848 E3E3  CD E731     	CALL PUTPHS	; normalerweise ist Schreibvorgang
  849                   			; nach einem Direktoryzugriff abgeschlossen
  850                   			; ACHTUNG BUG!? PUTPHS nur fuer Mini/DD-Laufwerke
  851                   			; Bei einem anderen Laufwerk geht das wohl schief
  852                   			
  853 E3E6  3E FF       WBOO1:	LD A,0FFH	; alle Tracks ungueltig, bei Diskettenwechsel wichtig
  854 E3E8  32 E7A7     	LD (CURDRV),A
  855                   
  856 E3EB  31 0080     	LD SP,BUFF	; Stack zuweisen
  857 E3EE  0E 05       	LD C,RETRY	; Anzahl der Versuche
  858 E3F0  C5          	PUSH BC		; und dann anfangen zu booten
  859                   
  860 E3F1              WBOO2:	; loop, load CP/M
  861 E3F1  01 CC00     	LD BC,CPMB	; Init load address to CPM start address
  862 E3F4  CD E4EF     	CALL SETDMA
  863 E3F7  0E 00       	LD C,BTDRV	; drive 0 (or BTDRV)
  864 E3F9  CD E482     	CALL SELDSK
  865 E3FC  0E 00       	LD C,0		; track 0
  866 E3FE  CD E4CC     	CALL SETTRK
  867 E401  0E 08       	LD C,BTSEC	; start with first logical sector behind physical boot sector
  868 E403  CD E4D1     	CALL SETSEC	; (depends on the number of logical sectors per phyiscal sector)
  869 E406  C1          	POP BC
  870 E407  06 2C       	LD B,NSECTS	; number of sectors for CP/M without BIOS, do not overwrite BIOS
  871                   			; to preserve patches.
Z80ASM SuperFast Relocating Macro Assembler     	    Z80ASM 1.32 Page  19
NBIOS11 Z80

  872                   
  873                   	;LD C,'1'
  874                   	;CALL MCONOUT
  875                   
  876 E409              WBOO3:	; sector read loop
  877 E409  C5          	PUSH BC
  878 E40A  CD E518     	CALL READ	; read logical secor
  879 E40D  C2 E462     	JP NZ,BOOTERR	; -> error
  880                   	
  881 E410  2A E7B0     	LD HL,(IOD)	; increment DMA address by 128
  882 E413  11 0080     	LD DE,128
  883 E416  19          	ADD HL,DE
  884 E417  22 E7B0     	LD (IOD),HL
  885 E41A  3A E7AF     	LD A,(IOS)	; check for end of track
  886 E41D  FE 27       	CP BTSECN-1
  887 E41F  DA E42C     	JP C,WBOO4
  888                   
  889                   	; next track, Caution! track scheme is hardcoded !!!
  890 E422  3A E7AE     	LD A,(IOT)	; increment track
  891 E425  3C          	INC A	  	; jedoch im Verfahren 0,2,...
  892 E426  3C          	INC A		; SPUR 0, dann SPUR 2, wegen BOOT.ASM
  893 E427  32 E7AE     	LD (IOT),A	; denn 1,3,5 ist die Rueckseite des Laufwerks
  894 E42A  3E FF       	LD A,0FFH	; 0,1,2,3.... will by incremented to 0
  895                   	
  896 E42C  3C          WBOO4:	INC A
  897 E42D  32 E7AF     	LD (IOS),A	; set new sector
  898                   	
  899 E430  C1          	POP BC		; Schleifenzaehler zuruech
  900 E431  05          	DEC B		; und immer weiter lesen
  901 E432  C2 E409     	JP NZ,WBOO3	; -> read next sector
  902                   	
  903                   	;---------------------------------------------------------------------
  904                   
  905 E435  01 0080     GOCPM:	LD BC,BUFF	; Buffer auf Default einstellen
  906 E438  CD E4EF     	CALL SETDMA	; so wie es CP/M braucht
  907                   	
  908 E43B  3E C3       	LD A,0C3H	; Sprung auf den WARM-Boot im
  909 E43D  32 0000     	LD (JWARM),A	; RAM ablegen.
  910 E440  21 E203     	LD HL,WBOOTE	; Warm-Boot-Adresse
  911 E443  22 0001     	LD (JWARM+1),HL	; nicht vergessen
  912                   	
  913 E446  32 0005     	LD (JBDOS),A	; Sprung auf die BDOS-CALL-Adresse
  914 E449  21 D406     	LD HL,BDOS	; legen und auch das Ziel
  915 E44C  22 0006     	LD (JBDOS+1),HL	; dorthin
  916                   	
  917 E44F  32 0038     	LD (JRST7),A	; RST7 definieren, default ist Monitor
  918 E452  21 F01E     	LD HL,MSTART	; der aber normalerweise kurzgeschl. ist.
  919 E455  22 0039     	LD (JRST7+1),HL		
  920                   	
  921                   	; clear / set last used drive
  922                   	;LD A,BTDRV
  923                   	;LD (CDISK),A
  924                   	;CALL PATF	; patch BDOS close function
  925 E458  CD E775     	CALL PATA	; patch BDOS active drive
  926                   	;CALL PATB
  927                   	
  928 E45B  3A 0004     	LD A,(CDISK)	; das zuletzt verwendete Laufwerk
  929 E45E  4F          	LD C,A		; laden und damit selektieren.
Z80ASM SuperFast Relocating Macro Assembler     	    Z80ASM 1.32 Page  20
NBIOS11 Z80

  930 E45F  C3 CC00     	JP CPMB
  931                   
  932                   	;---------------------------------------------------------------------
  933                   
  934 E462              BOOTERR:		; im Fehlerfalle, bei BAD-Sektor.
  935 E462  C1          	POP BC		; erst mal nocheinmal versuchen
  936 E463  0D          	DEC C
  937 E464  CA E46B     	JP Z,BOOTE0	; bis hoffnungslos, dann Fehlermeldung
  938                   	
  939 E467  C5          	PUSH BC
  940 E468  C3 E3F1     	JP WBOO2	; -> try again
  941                   
  942 E46B              BOOTE0:	; Fehlermeldung ausgeben und Monitor neu starten, bzw. WBOOT
  943 E46B  21 E474     	LD HL,ERRMSG
  944 E46E  CD E50B     	CALL PRMSG
  945 E471  C3 F01E     	JP MSTART
  946                   
  947 E474              ERRMSG:	; Fehlermeldung
  948 E474  3F 42 4F 4F 	DB '?BOOT',0
  949                   
  950                   ;-----------------------------------------------------------------------------
  951                   ; List status (used by BDOS)
  952                   ; LST state, not used
  953                   
  954 E47A  00          LISTST:	NOP
  955 E47B  AF          	XOR A		; 0 = not ready
  956 E47C  C9          	RET
  957                   
  958                   ;-----------------------------------------------------------------------------
  959                   ; Home drive (used by BDOS)
  960                   
  961 E47D  0E 00       HOME:	LD C,0		; aber nur anwaehlen, nicht
  962 E47F  C3 E4CC     	JP SETTRK	; ausfuehren
  963                   
  964                   ;-----------------------------------------------------------------------------
  965                   ; Select disk (used by BDOS)
  966                   ; drive-code in C (0..n-1)
  967                   ; seldsk sets also the parameters for blocking/deblocking and for the phys.
  968                   ; drive parameters. The phys. drive parameters can be request by the new
  969                   ; BIOS function GETPHY.
  970                   
  971 E482  21 0000     SELDSK:	LD HL,0		; und pruefen ob gueltig
  972 E485  79          	LD A,C		; wenn groesser als ndisks
  973 E486  FE 08       	CP NDISKS	; dann nicht ok
  974 E488  D0          	RET NC		; Nummer 0 bis n-1 erscheint in A
  975                   	
  976 E489  32 E7AD     	LD (DBANK),A
  977                   
  978                   	;POP HL
  979                   	;PUSH HL
  980                   	;CALL DEBSEL
  981                   
  982                   	; get address of DPEx -> HL (= DPBASE + disk number * 16)
  983 E48C  69          	LD L,C		; disk number
  984 E48D  26 00       	LD H,0
  985 E48F  29          	ADD HL,HL	; HL <- HL * 16
  986 E490  29          	ADD HL,HL	
  987 E491  29          	ADD HL,HL	
Z80ASM SuperFast Relocating Macro Assembler     	    Z80ASM 1.32 Page  21
NBIOS11 Z80

  988 E492  29          	ADD HL,HL	
  989 E493  11 E239     	LD DE,DPBASE	; add DPBASE
  990 E496  19          	ADD HL,DE
  991                   
  992                   	; get additional deblockling parameters from the end of
  993                   	; the regluar DPBx block
  994 E497  E5          	PUSH HL
  995                   
  996                   	; calc start of addidtion parameters
  997 E498  11 000A     	LD DE,10	; position of DPBx in DPEx
  998 E49B  19          	ADD HL,DE
  999 E49C  5E          	LD E,(HL)
 1000 E49D  23          	INC HL
 1001 E49E  56          	LD D,(HL)
 1002 E49F  EB          	EX DE,HL	; address of DPEx now in HL
 1003 E4A0  11 000F     	LD DE,15	; length of DPBx
 1004 E4A3  19          	ADD HL,DE
 1005                   	
 1006                   	; set blocking shift
 1007 E4A4  7E          	LD A,(HL)
 1008 E4A5  32 E7B2     	LD (BLPOW),A
 1009 E4A8  23          	INC HL
 1010                   	; set blocking mask
 1011 E4A9  7E          	LD A,(HL)
 1012 E4AA  32 E7B3     	LD (BLMSK),A
 1013 E4AD  23          	INC HL
 1014                   	; set blocking FLO register
 1015 E4AE  7E          	LD A,(HL)
 1016 E4AF  32 E7B4     	LD (BLREG),A
 1017 E4B2  23          	INC HL
 1018                   
 1019                   	; set phys. bytes/sector
 1020 E4B3  5E          	LD E,(HL)
 1021 E4B4  23          	INC HL
 1022 E4B5  56          	LD D,(HL)
 1023 E4B6  23          	INC HL
 1024 E4B7  EB          	EX DE,HL
 1025 E4B8  22 E7B6     	LD (PHYBYTS),HL
 1026 E4BB  EB          	EX DE,HL
 1027                   	; set phys. sectors/track
 1028 E4BC  7E          	LD A,(HL)
 1029 E4BD  32 E7B8     	LD (PHYSECS),A
 1030 E4C0  23          	INC HL
 1031                   	; set phys. tracks/side
 1032 E4C1  7E          	LD A,(HL)
 1033 E4C2  32 E7B9     	LD (PHYTRKS),A
 1034 E4C5  23          	INC HL
 1035                   	; set phys. sides
 1036 E4C6  7E          	LD A,(HL)
 1037 E4C7  32 E7BA     	LD (PHYSIDS),A
 1038                   	
 1039 E4CA  E1          	POP HL
 1040                   
 1041 E4CB  C9          	RET
 1042                   
 1043                   ;-----------------------------------------------------------------------------
 1044                   ; Select track (used by BDOS)
 1045                   ; track in C
Z80ASM SuperFast Relocating Macro Assembler     	    Z80ASM 1.32 Page  22
NBIOS11 Z80

 1046                   
 1047 E4CC  21 E7AE     SETTRK:	LD HL,IOT
 1048 E4CF  71          	LD (HL),C
 1049 E4D0  C9          	RET
 1050                   
 1051                   ;-----------------------------------------------------------------------------
 1052                   ; Select sector  (used by BDOS)
 1053                   ; sector in C
 1054                   
 1055 E4D1  21 E7AF     SETSEC:	LD HL,IOS
 1056 E4D4  71          	LD (HL),C
 1057 E4D5  C9          	RET
 1058                   
 1059                   ;-----------------------------------------------------------------------------
 1060                   ; Sector translation (used by BDOS)
 1061                   ; sector in C
 1062                   ; skew table in DE (or 0)
 1063                   ; write calculated sector to IOS and L
 1064                   
 1065 E4D6  7A          SECTRAN:LD A,D		; check if skew table != 0
 1066 E4D7  B3                  OR E
 1067 E4D8  CA E4E7             JP Z,SECTR1	; =0, -> no skew
 1068                   
 1069                   	; calc sector offset into skew table
 1070 E4DB  06 00       	LD B,0
 1071 E4DD  EB          	EX DE,HL
 1072 E4DE  09          	ADD HL,BC	; sector in C
 1073 E4DF  7E          	LD A,(HL)	; load skew value
 1074 E4E0  32 E7AF     	LD (IOS),A	; save in IOS 
 1075 E4E3  6F          	LD L,A		; and in L
 1076 E4E4  26 00               LD H,0		; was missing *dg* 27.07.2026
 1077 E4E6  C9          	RET
 1078                   
 1079 E4E7              SECTR1:	; no skew, return sector
 1080 E4E7  69          	LD L,C		; sector in C
 1081 E4E8  79                  LD A,C
 1082 E4E9  32 E7AF             LD (IOS),A	; save in IOS
 1083 E4EC  26 00               LD H,0
 1084 E4EE  C9                  RET
 1085                   
 1086                   ;-----------------------------------------------------------------------------
 1087                   ; Set DMA address (used by BDOS)
 1088                   ; address in BC
 1089                   
 1090 E4EF  69          SETDMA:	LD L,C
 1091 E4F0  60          	LD H,B
 1092 E4F1  22 E7B0     	LD (IOD),HL
 1093 E4F4  C9          	RET
 1094                   
 1095                   ;-----------------------------------------------------------------------------
 1096                   ; returns the physical drive parameters for the current drive
 1097                   
 1098                   ; HL = bytes/sector (1..n)
 1099                   ; D  = highest sector/track (0..n-1)
 1100                   ; E  = highest track/side (0..n-1)
 1101                   ; B  = sides (1..n)
 1102                   ; C  = FLO register (density/datarate)
 1103                   
Z80ASM SuperFast Relocating Macro Assembler     	    Z80ASM 1.32 Page  23
NBIOS11 Z80

 1104 E4F5  2A E7B6     GETPHY:	LD HL,(PHYBYTS)
 1105 E4F8  3A E7B8     	LD A,(PHYSECS)
 1106 E4FB  57          	LD D,A
 1107 E4FC  3A E7B9     	LD A,(PHYTRKS)
 1108 E4FF  5F          	LD E,A
 1109 E500  3A E7BA     	LD A,(PHYSIDS)
 1110 E503  47          	LD B,A
 1111 E504  3A E7B4     	LD A,(BLREG)
 1112 E507  E6 30       	AND 00110000B
 1113 E509  4F          	LD C,A
 1114 E50A  C9          	RET
 1115                   
 1116                   ;-----------------------------------------------------------------------------
 1117                   ; 0-terminerte Text ausgaben, Adresse in HL
 1118                   
 1119 E50B  7E          PRMSG: 	LD A,(HL)
 1120 E50C  B7          	OR A
 1121 E50D  C8          	RET Z		; -> end of text
 1122                   	
 1123 E50E  E5          	PUSH HL
 1124 E50F  4F          	LD C,A
 1125 E510  CD F009     	CALL MCONOUT
 1126 E513  E1          	POP HL
 1127 E514  23          	INC HL
 1128 E515  C3 E50B     	JP PRMSG	; -> next char
 1129                   
 1130                   ;=============================================================================
 1131                   ; Read and write sector using MFLOP into monitor
 1132                   
 1133                   ;-----------------------------------------------------------------------------
 1134                   ; Read sector
 1135                   
 1136                   ; Buffer (DMA address) in IOD
 1137                   ; Drive in DBANK (0..n-1)
 1138                   ; Track in IOT (0..n-1 * side)
 1139                   ; Sector in IOS (0..n-1)
 1140                   
 1141 E518              READ:
 1142         FFFF      	IF NEWIDE
 1143 E518  AF          	XOR A
 1144 E519  32 E7B5     	LD (ISIDE),A
 1145                   	ENDIF
 1146                   
 1147 E51C  3A E7AD     	LD A,(DBANK)
 1148 E51F  FE 08       	CP 8
 1149 E521  30 1A       	JR NC,RDERR	; DBANK >= 8 -> does not exist
 1150                   	
 1151                   	; DBANK < 8
 1152 E523  3A E7B4     	LD A,(BLREG)
 1153 E526  E6 30       	AND 00110000B
 1154 E528  FE 10       	CP 00010000B
 1155 E52A  CA E584     	JP Z,MAXIRD	; -> Maxi disk
 1156                   
 1157 E52D  3A E7AD     	LD A,(DBANK)	; drive 0..5
 1158 E530  FE 04       	CP 4
 1159 E532  DA E62E     	JP C,MINIRD	; A < 4 -> Mini disk
 1160                   	
 1161                   	;---------------------------------------------------------------------
Z80ASM SuperFast Relocating Macro Assembler     	    Z80ASM 1.32 Page  24
NBIOS11 Z80

 1162                   	; A >= 4, Read RAM disk
 1163                   
 1164         0000      	if NOT NEWIDE
 1165                   	
 1166                   	CP 8
 1167                   	JP C,IDERD	; A < 8 -> IDE disks 4,5,6,7
 1168                   	
 1169                   	ELSE		; NEWIDE
 1170                   	
 1171 E535  3E 01       	LD A,1
 1172 E537  32 E7B5     	LD (ISIDE),A
 1173 E53A  DA E62E     	JP C,MINIRD
 1174                   	
 1175                   	ENDIF		; NEWIDE
 1176                   
 1177                   	; error
 1178 E53D  3E 01       RDERR:	LD A,1		; Fehler da, Bank nicht vorhanden,
 1179 E53F  C9          	RET		; wirkt wie BAD-Sektor
 1180                   
 1181                   	;---------------------------------------------------------------------
 1182                   	
 1183 E540  AF          NOERR:	XOR A		; sonst ok.
 1184 E541  C9          	RET
 1185                   
 1186                   	;---------------------------------------------------------------------
 1187                   	; Calculate address for ram disk, source in HL
 1188                   	; SEKTOR 0..E,  TRAck 0..5fh
 1189                   	; SSSSTTTT T0000000   , adresse fuer RAM-Floppy
 1190 E542  3A E7AE     ADRERZ:	LD A,(IOT)		; Track holen
 1191 E545  0F           	RRCA 			; und umrechnen
 1192 E546  E6 0F        	AND 0FH			; unterer Teil vom MSB
 1193 E548  67           	LD H,A
 1194 E549  3A E7AF      	LD A,(IOS)		; dann Sektor dazu
 1195 E54C  07           	RLCA
 1196 E54D  07           	RLCA
 1197 E54E  07           	RLCA
 1198 E54F  07           	RLCA
 1199 E550  E6 F0        	AND 0F0H
 1200 E552  B4           	OR H
 1201 E553  67           	LD H,A			; damit sssstttt ok
 1202 E554  3A E7AE      	LD A,(IOT)
 1203 E557  0F           	RRCA			; txxxxxxx
 1204 E558  E6 80        	AND 80H
 1205 E55A  6F           	LD L,A			; t0000000
 1206 E55B  3A E7AE      	LD A,(IOT)		; nun noch bank bestimmen, in c und b	
 1207 E55E  07           	RLCA			; und dazu msb-Teil des Tracks verwenden
 1208 E55F  07           	RLCA			; 0mmttttt
 1209 E560  07           	RLCA			; Banknummer
 1210 E561  E6 03        	AND 03H			; 000000mm
 1211 E563  C6 01       	ADD A,1			; erst ab Bank 1 starten
 1212 E565  47           	LD B,A			; da BANK 0=CP/M RAM und TPA
 1213 E566  4F           	LD C,A			; ok beide definiert
 1214 E567  C9           	RET
 1215                   
 1216                   ;-----------------------------------------------------------------------------
 1217                     
 1218                   ; Umrechnen fuer Maxi fuer neue Monitor Floppy-Routine
 1219                   ; drive-code -> C
Z80ASM SuperFast Relocating Macro Assembler     	    Z80ASM 1.32 Page  25
NBIOS11 Z80

 1220                   
 1221 E568              MAXCAL:	; drive A,B,C,D -> 0001,0010,0100,1000
 1222 E568  3A E7AD     	LD A,(DBANK)	; 0..3
 1223 E56B  3C          	INC A		; -> 1..4
 1224 E56C  47          	LD B,A
 1225 E56D  37          	SCF		; shift in carry
 1226 E56E  17          MAXC2:	RLA
 1227 E56F  10 FD       	DJNZ MAXC2
 1228                   	
 1229 E571  47          	LD B,A
 1230 E572  3A E7B4     	LD A,(BLREG)
 1231 E575  B0          	OR B
 1232 E576  4F          	LD C,A
 1233                   
 1234 E577  3A E7AD     	LD A,(DBANK)
 1235 E57A  FE 04       	CP 4
 1236 E57C  C2 E583     	JP NZ,MAXC3
 1237                   	
 1238                   	; drive E, side 1
 1239 E57F  79          	LD A,C
 1240 E580  F6 80       	OR 10000000B
 1241 E582  4F          	LD C,A
 1242                   
 1243 E583  C9          MAXC3:	RET
 1244                   
 1245                   ;-----------------------------------------------------------------------------
 1246                   ; Read Maxi disk
 1247                   
 1248 E584  06 05       MAXIRD:	LD B,RETRY	; Anzahl der Leseversuche
 1249                   
 1250 E586              MAXIR1:	; retry loop
 1251 E586  C5          	PUSH BC		; dann ausfuehren
 1252 E587  2A E7B0     	LD HL,(IOD)	; Zieladresse holen
 1253 E58A  3A E7AE     	LD A,(IOT)	; Spurnummer
 1254 E58D  57          	LD D,A	
 1255 E58E  3A E7AF     	LD A,(IOS)	; Sektornummer
 1256 E591  5F          	LD E,A
 1257 E592  06 01       	LD B,1		; Lese-Befehlscode
 1258 E594  CD E568     	CALL MAXCAL	; vorher Laufwerkscode umrechnen
 1259 E597  CD F021     	CALL MFLOP	; und dann ausfuehren
 1260 E59A  C1          	POP BC		; Retry-Zaehler
 1261 E59B  C8          	RET Z		; kein Fehler, dann ok zurueck
 1262 E59C  05          	DEC B		; sonst nochmals probieren
 1263 E59D  C2 E586     	JP NZ,MAXIR1	; -> retry		
 1264                   	
 1265 E5A0  3E 01       	LD A,1		; BAD SEKTOR
 1266 E5A2  B7          	OR A
 1267 E5A3  C9          	RET
 1268                   
 1269                   ;-----------------------------------------------------------------------------
 1270                   ; Write sector using MFLOP into monitor
 1271                   
 1272                   ; Buffer (DMA address) in IOD
 1273                   ; Drive in DBANK (0..n-1)
 1274                   ; Track in IOT (0..n-1)
 1275                   ; Sector in IOS (0..n-1)
 1276                   ; BDOS-Flag in C (0 = standard sector, 1 = directory sector, 2 =  first sector in block)
 1277                   
Z80ASM SuperFast Relocating Macro Assembler     	    Z80ASM 1.32 Page  26
NBIOS11 Z80

 1278 E5A4              WRITE:
 1279         FFFF      	IF NEWIDE
 1280                   	; reset CF/IDE flag
 1281 E5A4  AF          	XOR A
 1282 E5A5  32 E7B5     	LD (ISIDE),A
 1283                   	ENDIF
 1284                   	
 1285 E5A8  3A E7AD     	LD A,(DBANK)
 1286 E5AB  FE 08       	CP 8
 1287 E5AD  30 1A       	JR NC,WRERR	; DBANK >= 8 -> does not exist
 1288                   	
 1289                   	; DBANK < 8
 1290 E5AF  3A E7B4     	LD A,(BLREG)
 1291 E5B2  E6 30       	AND 00110000B
 1292 E5B4  FE 10       	CP 00010000B
 1293 E5B6  CA E5CC     	JP Z,MAXIWR	; -> Maxi disk
 1294                   
 1295 E5B9  3A E7AD     	LD A,(DBANK)	; drive 0..3
 1296 E5BC  FE 04       	CP 4
 1297 E5BE  DA E673     	JP C,MINIWR	; A < 4 -> Mini disk
 1298                   	
 1299                   	;---------------------------------------------------------------------
 1300                   	; A >= 4, Write RAM disk
 1301                   
 1302         0000      	if NOT NEWIDE
 1303                   	
 1304                   	CP 8
 1305                   	JP C,IDEWR	; A < 8 -> IDE disks 4,5,6,7
 1306                   	
 1307                   	ELSE		; NEWIDE
 1308                   
 1309 E5C1  3E 01       	LD A,1
 1310 E5C3  32 E7B5     	LD (ISIDE),A
 1311 E5C6  DA E673     	JP C,MINIWR
 1312                   	
 1313                   	ENDIF		; NEWIDE
 1314                   
 1315                   	; error
 1316 E5C9  3E 01       WRERR:	LD A,1		; Fehler da, Bank nicht vorhanden,
 1317 E5CB  C9          	RET		; wirkt wie BAD-Sektor
 1318                   
 1319                   	;---------------------------------------------------------------------
 1320                   	; Write Maxi disk
 1321                   
 1322 E5CC  06 05       MAXIWR:	LD B,RETRY
 1323                   
 1324 E5CE  C5          MAXIW1:	PUSH BC		; Dazu Fehlerzaehler retten
 1325                   
 1326 E5CF  2A E7B0     	LD HL,(IOD)	; Quelleadresse laden
 1327                   	
 1328 E5D2  3A E7AE     	LD A,(IOT)	; Spur
 1329 E5D5  57          	LD D,A
 1330                   	
 1331 E5D6  3A E7AF     	LD A,(IOS)	; Sektor
 1332 E5D9  5F          	LD E,A
 1333                   	
 1334 E5DA  06 02       	LD B,2		; Schreib-Befehlscode
 1335 E5DC  CD E568     	CALL MAXCAL	; vorher Laufwerk umrechnen
Z80ASM SuperFast Relocating Macro Assembler     	    Z80ASM 1.32 Page  27
NBIOS11 Z80

 1336 E5DF  CD F021     	CALL MFLOP	; und ausfuehren
 1337 E5E2  C1          	POP BC	
 1338 E5E3  C8          	RET Z		; -> no error
 1339                   	
 1340 E5E4  05          	DEC B
 1341 E5E5  C2 E5CE     	JP NZ,MAXIW1	; -> retry
 1342                   	
 1343 E5E8  3E 01       	LD A,1		; bad sector
 1344 E5EA  B7          	OR A
 1345 E5EB  C9          	RET
 1346                   
 1347                   ;-----------------------------------------------------------------------------
 1348                   ; Flush current sector buffer
 1349                   
 1350         0000      	IF FALSE
 1351                   
 1352                   FLUSH:	; BDOS close file
 1353                   	JP BDOSADR + 08A2H
 1354                   
 1355                   	; write sector buffer to disk if changed
 1356                   	LD A,(BUFCHG)
 1357                   	OR A
 1358                   	RET Z
 1359                   	JP PUTPHS
 1360                   
 1361                   	ENDIF	; FALSE
 1362                   
 1363                   ;=============================================================================
 1364                   ; Read Mini disk, 80 Spur, DD, DS
 1365                   
 1366                   ;READ und WRITE unter Verwendung von MEXEC
 1367                   ; HL=DMA ADR
 1368                   ; DE=TRACK/SECTOR
 1369                   ; B=0 RSTORE
 1370                   ;   1 READ
 1371                   ;   2 WRITE
 1372                   ; C=DRIVE 0...3  10H,11H,12H,13H  DOUBMIN 0D0H,0D1H,0D2H,0D3H
 1373                   ;                                          A   C    B    D
 1374                   
 1375         FC00      PHSBUF	EQU 0FC00H	; Memory area of interactive Monitor for logical sector (1K)
 1376                   
 1377                   ;-----------------------------------------------------------------------------
 1378                   ; Calculates physical drive from DBANK and IOT -> C
 1379                   ; only for Mini disks
 1380                   
 1381                   ; DBANK, IOT     C
 1382                   ;  0     F    -> 0
 1383                   ;  1     F    -> 2
 1384                   ;  0     B    -> 1
 1385                   ;  1     B    -> 3
 1386                   
 1387                   ; muss fuer Minidisk C und D erweitert werden
 1388                   
 1389                   ; drive number (0..n-1) -> C, Bit 0..3
 1390                   ; side -> (0..n-1) -> C, Bit 7
 1391                   
 1392                   ; calculates physical sector from logical sector, IOS -> E
 1393                   ; logical sector 0..39 -> physical sector 1..5
Z80ASM SuperFast Relocating Macro Assembler     	    Z80ASM 1.32 Page  28
NBIOS11 Z80

 1394                   
 1395                   ; calculates logical track from physical track, IOT -> D
 1396                   ; 0..159 -> 0..79 (max 127)
 1397                   
 1398 E5EC              MINCAL:	; logical sector to physical sector
 1399                   	; get drive specific factor
 1400 E5EC  3A E7B2     	LD A,(BLPOW)
 1401 E5EF  A7          	AND A
 1402 E5F0  28 0A       	JR Z,MINIC4	; -> factor = 0
 1403                   
 1404 E5F2  47          	LD B,A		; factor
 1405 E5F3  3A E7AF     	LD A,(IOS)	; logical sector
 1406 E5F6  CB 3F       MINIC2:	SRL A
 1407 E5F8  10 FC       	DJNZ MINIC2
 1408                   	
 1409 E5FA  18 03       	JR MINIC5
 1410                   
 1411 E5FC              MINIC4:	; factor = 0
 1412 E5FC  3A E7AF     	LD A,(IOS)
 1413                   
 1414 E5FF  3C          MINIC5:	INC A		; sector number starts with 1
 1415 E600  5F          	LD E,A		; save in E
 1416                   
 1417         FFFF      	IF NEWIDE
 1418                   	
 1419 E601  3A E7B5     	LD A,(ISIDE)
 1420 E604  A7          	AND A
 1421 E605  28 09       	JR Z,MINC5A	; -> no CF/IDE drive
 1422                   
 1423                   	; -> is CF/IDE drive, no drive or track translation
 1424 E607  3A E7AD     	LD A,(DBANK)
 1425 E60A  4F          	LD C,A
 1426 E60B  3A E7AE     	LD A,(IOT)
 1427 E60E  57          	LD D,A
 1428 E60F  C9          	RET
 1429                   
 1430 E610              MINC5A:
 1431                   	ENDIF
 1432                   
 1433                   	; drive A,B,C,D -> 0001,0010,0100,1000
 1434 E610  3A E7AD     	LD A,(DBANK)	; 0..3
 1435 E613  3C          	INC A		; -> 1..4
 1436 E614  47          	LD B,A
 1437 E615  AF          	XOR A
 1438 E616  37          	SCF		; shift in carry
 1439 E617  17          MINIC6:	RLA
 1440 E618  10 FD       	DJNZ MINIC6
 1441                   
 1442 E61A  47          	LD B,A
 1443 E61B  3A E7B4     	LD A,(BLREG)
 1444 E61E  B0          	OR B
 1445 E61F  4F          	LD C,A
 1446                   
 1447 E620  3A E7AE     	LD A,(IOT)
 1448 E623  CB 3F       	SRL A		; Track / 2, Bit0 -> Carry (side 1)
 1449 E625  57          	LD D,A		; Track merken
 1450 E626  D2 E62D     	JP NC,MINIC7	; -> side 0
 1451                   
Z80ASM SuperFast Relocating Macro Assembler     	    Z80ASM 1.32 Page  29
NBIOS11 Z80

 1452                   	; side
 1453 E629  79          	LD A,C
 1454 E62A  F6 80       	OR 10000000B	; side 1 flag
 1455 E62C  4F          	LD C,A
 1456                   	
 1457 E62D              MINIC7:	; D=track, E=sector, C=drive-code + side
 1458 E62D  C9          	RET
 1459                   
 1460                   ;-----------------------------------------------------------------------------
 1461                   ; Lookup table, table in HL, offset in A
 1462                   
 1463         0000      	IF FALSE
 1464                   
 1465                   LOOKUP:	PUSH DE
 1466                   	LD E,A
 1467                   	LD D,0
 1468                   	ADD HL,DE
 1469                   	LD A,(HL)
 1470                   	POP DE
 1471                   	RET
 1472                   	
 1473                   	ENDIF
 1474                   	
 1475                   ;-----------------------------------------------------------------------------
 1476                   ; Read Mini disk
 1477                   ; DBANK, IOT, IOS,
 1478                   
 1479 E62E  CD E5EC     MINIRD:	CALL MINCAL	; calc physical drive and sector data for compare
 1480                   
 1481 E631  3A E7A7     	LD A,(CURDRV)
 1482 E634  B9          	CP C		; compare drive + side
 1483 E635  C2 E64E     	JP NZ,MINIR2	; -> drive not equal, load sector
 1484                   	
 1485 E638  3A E7AA     	LD A,(CURTRK)
 1486 E63B  BA          	CP D		; compare track
 1487 E63C  C2 E64E     	JP NZ,MINIR2	; -> track not equal, load sector
 1488                   	
 1489 E63F  3A E7AB     	LD A,(CURSEC)
 1490 E642  BB          	CP E		; compare sector
 1491 E643  C2 E64E     	JP NZ,MINIR2	; -> sector not equal, load sector
 1492                   
 1493                   	; blocking / deblocking
 1494                   
 1495 E646              MINIR1:	; actual physical sector is now in buffer PHSBUF
 1496                   
 1497 E646  CD E6D2     	CALL CALCPHS	; (PHSBUF+offset) -> DE, (IOD) -> HL, BC = 128
 1498 E649  EB          	EX DE,HL
 1499 E64A  ED B0       	LDIR		; (DE++) <- (HL++), BC--
 1500                   			; (IOD) <- (PHSBUF+offset), 128 Byte
 1501                   
 1502 E64C  AF          	XOR A
 1503 E64D  C9          	RET		; -> finished without error
 1504                   
 1505 E64E              MINIR2:	; neuen Sektor laden, ggf. alten zurueckschreiben
 1506 E64E  3A E7A6     	LD A,(BUFCHG)
 1507 E651  B7          	OR A
 1508 E652  CA E65B     	JP Z,MINIR3
 1509                   
Z80ASM SuperFast Relocating Macro Assembler     	    Z80ASM 1.32 Page  30
NBIOS11 Z80

 1510 E655  CD E731     	CALL PUTPHS	; ALTEN ZURUECKSCHREIBEN
 1511 E658  DA E6CE     	JP C,ERRIO
 1512                   	
 1513 E65B  CD E5EC     MINIR3:	CALL MINCAL	; BERECHNEN
 1514                   
 1515 E65E  79          	LD A,C
 1516 E65F  32 E7A7     	LD (CURDRV),A
 1517 E662  7B          	LD A,E
 1518 E663  32 E7AB     	LD (CURSEC),A
 1519 E666  7A          	LD A,D
 1520 E667  32 E7AA     	LD (CURTRK),A
 1521 E66A  CD E6ED     	CALL GETPHS	; neuen Sektor lesen
 1522 E66D  DA E6CE     	JP C,ERRIO	; Fehler aufgetreten
 1523                   	
 1524 E670  C3 E646     	JP MINIR1
 1525                   
 1526                   ;-----------------------------------------------------------------------------
 1527                   ; Write Mini disk
 1528                   ; BDOS-Flag in C
 1529                   
 1530 E673  79          MINIWR:	LD A,C
 1531 E674  32 E7AC     	LD (ISDIR),A	; flag for Directory Write (1=write)
 1532                   
 1533 E677  CD E5EC     	CALL MINCAL	; calc physical sector and drive data for compare
 1534                   
 1535 E67A  3A E7A7     	LD A,(CURDRV)	; und wie bei MINIRD
 1536 E67D  B9          	CP C		;
 1537 E67E  C2 E6A9     	JP NZ,MINIW3	; other drive -> load sector
 1538                   
 1539 E681  3A E7AA     	LD A,(CURTRK)
 1540 E684  BA          	CP D
 1541 E685  C2 E6A9     	JP NZ,MINIW3	; other track -> load sector
 1542                   
 1543 E688  3A E7AB     	LD A,(CURSEC)
 1544 E68B  BB          	CP E
 1545 E68C  C2 E6A9     	JP NZ,MINIW3	; other sector -> load sector
 1546                   
 1547                   	; blocking / deblocking
 1548                   	
 1549 E68F              MINIW1:	; actual physical sector is now in PHSBUF
 1550                   
 1551 E68F  CD E6D2     	CALL CALCPHS	; (PHSBUF+offset) -> DE, (IOD) -> HL, BC = 128
 1552 E692  ED B0       	LDIR		; (DE++) <- (HL++), BC--
 1553                   			; (PHSBUF+Offset) <- (IOD), 128 Byte
 1554 E694  3E 01       	LD A,1
 1555 E696  32 E7A6     	LD (BUFCHG),A	; set buffer changed flag
 1556                   	
 1557 E699  3A E7AC     	LD A,(ISDIR)
 1558 E69C  FE 01         	CP 1
 1559 E69E  C2 E6A7     	JP NZ,MINIW2	; -> no directory sector
 1560                   
 1561                   	; directory sector: do not cache
 1562 E6A1  CD E731     	CALL PUTPHS 
 1563 E6A4  DA E6CE     	JP C,ERRIO	; if error then bad sector
 1564                   
 1565 E6A7              MINIW2:	; -> finished without error
 1566 E6A7  AF          	XOR A
 1567 E6A8  C9          	RET
Z80ASM SuperFast Relocating Macro Assembler     	    Z80ASM 1.32 Page  31
NBIOS11 Z80

 1568                   
 1569 E6A9              MINIW3:	; load new sector, write current if changed
 1570 E6A9  3A E7A6     	LD A,(BUFCHG)
 1571 E6AC  B7          	OR A
 1572 E6AD  CA E6B6     	JP Z,MINIW4
 1573                   	
 1574 E6B0  CD E731     	CALL PUTPHS	; write current sector to disk
 1575 E6B3  DA E6CE     	JP C,ERRIO
 1576                   	
 1577 E6B6  CD E5EC     MINIW4:	CALL MINCAL	; calc physical drive and sector data
 1578 E6B9  79          	LD A,C
 1579 E6BA  32 E7A7     	LD (CURDRV),A
 1580 E6BD  7B          	LD A,E
 1581 E6BE  32 E7AB     	LD (CURSEC),A
 1582 E6C1  7A          	LD A,D
 1583 E6C2  32 E7AA     	LD (CURTRK),A
 1584 E6C5  CD E6ED     	CALL GETPHS
 1585 E6C8  DA E6CE     	JP C,ERRIO
 1586                   
 1587                   	; no error
 1588 E6CB  C3 E68F     	JP MINIW1
 1589                   
 1590                   ;-----------------------------------------------------------------------------
 1591                   
 1592 E6CE  3E 01       ERRIO:	LD A,1	; Fehler aufgetreten
 1593 E6D0  B7          	OR A
 1594 E6D1  C9          	RET
 1595                   
 1596                   ;-----------------------------------------------------------------------------
 1597                   ; Calculates the pointer into PHSBUF based on sector number in IOS
 1598                   ; (PHSBUF + offset) -> DE
 1599                   ; (IOD) -> HL
 1600                   ; 128 -> BC (logical sector length)
 1601                   
 1602 E6D2              CALCPHS:
 1603 E6D2  3A E7B3     	LD A,(BLMSK)
 1604 E6D5  47          	LD B,A
 1605                   
 1606 E6D6  3A E7AF     	LD A,(IOS)	; logical sector number (0..n-1)
 1607 E6D9  A0          	AND B
 1608 E6DA  57          	LD D,A		; load to high-byte (mul 256)
 1609 E6DB  1E 00       	LD E,0
 1610 E6DD  CB 2A       	SRA D		; div/2 by shift right
 1611 E6DF  CB 1B       	RR E
 1612                   	; now we have (IOS mod SECSIZE) * 128 in DE
 1613 E6E1  21 FC00     	LD HL,PHSBUF
 1614 E6E4  19          	ADD HL,DE	; pointer into PHSBUF in DE
 1615                   	
 1616         0000      	IF DEBOUT
 1617                   	;LD C,'['
 1618                   	;CALL MCONOUT
 1619                   	;CALL DEBX16
 1620                   	;LD C,']'
 1621                   	;CALL MCONOUT
 1622                   	ENDIF
 1623                   	
 1624 E6E5  EB          	EX DE,HL
 1625 E6E6  2A E7B0     	LD HL,(IOD)
Z80ASM SuperFast Relocating Macro Assembler     	    Z80ASM 1.32 Page  32
NBIOS11 Z80

 1626 E6E9  01 0080     	LD BC,128
 1627 E6EC  C9          	RET
 1628                   
 1629                   	;LD HL,PHSBUF
 1630                   	;LD A,(IOS)	; PHSBUF + ((0..39) MOD 8) * 128
 1631                   	;AND 00000111b	; 0..7 (mod 8)
 1632                   	;LD D,A		; * 256 (low byte is written into the high byte)
 1633                   	;LD E,0
 1634                   	;SRA D		; div/2 by shift right
 1635                   	;RR E
 1636                   	;ADD HL,DE	; HL = source (PHSBUF+offset)
 1637                   	;EX DE,HL	; DE = source
 1638                   	;LD HL,(IOD)	; HL = dest (IOD)
 1639                   	;EX DE,HL	; DE = dest, HL = source
 1640                   	;LD BC,128	; logical sector length
 1641                   	;LDIR		; (DE++) <- (HL++), BC--
 1642                   			; (IOD) <- (PHSBUF+offset), 128 Byte
 1643                   	;XOR A
 1644                   	;RET		; -> finished without error
 1645                   
 1646                   ;-----------------------------------------------------------------------------
 1647                   ; Read physical sector to PHSBUF
 1648                   ; Mini disk only
 1649                   ; TRKAKT,SEKAKT,DRVAKT ENTHALTEN NEUE BUFFERADRESSE
 1650                   
 1651 E6ED              GETPHS:	; reset buffer changed flag
 1652 E6ED  AF          	XOR A		
 1653 E6EE  32 E7A6     	LD (BUFCHG),A
 1654                   
 1655         FFFF      	IF NEWIDE
 1656                   	
 1657 E6F1  3A E7B5     	LD A,(ISIDE)
 1658 E6F4  A7          	AND A
 1659 E6F5  20 19       	JR NZ,GETIDE	; -> CF/IDE drive
 1660                   	
 1661                   	ENDIF
 1662                   
 1663                   	; floppy drive
 1664 E6F7  21 FC00     	LD HL,PHSBUF	; buffer address for data
 1665 E6FA  3A E7AB     	LD A,(CURSEC)
 1666 E6FD  5F          	LD E,A
 1667 E6FE  3A E7A7     	LD A,(CURDRV)	; bit0..3 and side in bit7
 1668 E701  4F          	LD C,A
 1669 E702  06 01       	LD B,1		; 1 = read
 1670 E704  3A E7AA     	LD A,(CURTRK)
 1671 E707  57          	LD D,A
 1672                   	
 1673 E708  CD F021     	CALL MFLOP	; -> new floppy routine
 1674 E70B  DA E72F     	JP C,PHSERR
 1675                   
 1676                   	;IF DEBOUT
 1677                   	;CALL DEBPHY
 1678                   	;ENDIF
 1679                   	
 1680                   	; no error
 1681 E70E  AF          	XOR A
 1682 E70F  C9          	RET
 1683                   
Z80ASM SuperFast Relocating Macro Assembler     	    Z80ASM 1.32 Page  33
NBIOS11 Z80

 1684                   	;---------------------------------------------------------------------
 1685                   
 1686         FFFF      	IF NEWIDE
 1687                   
 1688 E710              GETIDE:	; handle CD/IDE drive
 1689                   
 1690                   	; NEWIDE LBA assignment (8192K):
 1691                   	; 00000000 00000000 00000000
 1692                   	; 0000000d dsssssss tttttttt
 1693                   	;        E        B        C
 1694                   
 1695                   	; LBA0..7 -> C
 1696 E710  3A E7AA     	LD A,(CURTRK)
 1697 E713  4F          	LD C,A		; LBA0..7 -> B
 1698                   
 1699 E714  3A E7A7     	LD A,(CURDRV)
 1700 E717  D6 04       	SUB A,4		; drive 4..7 -> drive 0..3
 1701 E719  5F          	LD E,A
 1702 E71A  CB 3B       	SRL E		; drive bit 1 -> bit 0, bit 0 -> carry
 1703                   			; LBA16..23 -> E
 1704                   
 1705 E71C  06 00       	LD B,0
 1706 E71E  CB 18       	RR B		; carry -> bit 7
 1707 E720  3A E7AB     	LD A,(CURSEC)
 1708 E723  3D          	DEC A		; phys sect. starts wird 1
 1709 E724  B0          	OR B
 1710 E725  47          	LD B,A		; LBA8..15 -> B
 1711                   
 1712 E726  21 FC00     	LD HL,PHSBUF
 1713                   
 1714                   	;LD D,'R'
 1715                   	;CALL DEBIDE	; debug output
 1716                   
 1717 E729  CD F02A     	CALL MIDERD	; read sector to CD/IDE
 1718 E72C  E6 01       	AND 01h
 1719 E72E  C9          	RET
 1720                   
 1721                   	ENDIF
 1722                   
 1723                   ;-----------------------------------------------------------------------------
 1724                   
 1725 E72F              PHSERR:	
 1726                   	;IF DEBOUT
 1727                   	;LD C,'*'
 1728                   	;CALL MCONOUT
 1729                   	;ENDIF
 1730                   
 1731 E72F  37          	SCF
 1732 E730  C9          	RET
 1733                   
 1734                   ;-----------------------------------------------------------------------------
 1735                   ; Write PHSBUF to physical sector
 1736                   ; Mini disk only
 1737                   
 1738 E731              PUTPHS:	; reset buffer changed flag
 1739 E731  AF          	XOR A
 1740 E732  32 E7A6     	LD (BUFCHG),A
 1741                   
Z80ASM SuperFast Relocating Macro Assembler     	    Z80ASM 1.32 Page  34
NBIOS11 Z80

 1742         FFFF      	IF NEWIDE
 1743                   	
 1744 E735  3A E7B5     	LD A,(ISIDE)
 1745 E738  A7          	AND A
 1746                   	
 1747 E739  20 19       	JR NZ,PUTIDE	; -> CF/IDE drive
 1748                   	
 1749                   	ENDIF
 1750                   	
 1751                   	; floppy drive
 1752 E73B  21 FC00     	LD HL,PHSBUF	; buffer address
 1753 E73E  3A E7AB     	LD A,(CURSEC)
 1754 E741  5F          	LD E,A
 1755 E742  3A E7A7     	LD A,(CURDRV)	; bit0..3 and side in bit7
 1756 E745  4F          	LD C,A
 1757 E746  06 02       	LD B,2		; 2 = write
 1758 E748  3A E7AA     	LD A,(CURTRK)
 1759 E74B  57          	LD D,A
 1760                   
 1761         0000      	IF DEBOUT
 1762                   	CALL DEBPHY
 1763                   	ENDIF
 1764                   
 1765 E74C  CD F021     	CALL MFLOP	; -> new floppy routine
 1766 E74F  DA E72F     	JP C,PHSERR
 1767                   
 1768                   	; no error
 1769 E752  AF          	XOR A
 1770 E753  C9          	RET
 1771                   
 1772                   	;---------------------------------------------------------------------
 1773                   
 1774         FFFF      	IF NEWIDE
 1775                   
 1776 E754              PUTIDE:	; handle CD/IDE drive
 1777                   
 1778                   	; NEWIDE LBA assignment (8192K):
 1779                   	; 00000000 00000000 00000000
 1780                   	; 0000000d dsssssss tttttttt
 1781                   	;        E        B        C
 1782                   
 1783                   	; LBA0..7 -> C
 1784 E754  3A E7AA     	LD A,(CURTRK)
 1785 E757  4F          	LD C,A		; LBA0..7 -> B
 1786                   
 1787 E758  3A E7A7     	LD A,(CURDRV)
 1788 E75B  D6 04       	SUB A,4		; drive 4..7 -> drive 0..3
 1789 E75D  5F          	LD E,A
 1790 E75E  CB 3B       	SRL E		; drive bit 1 -> bit 0, bit 0 -> carry
 1791                   			; LBA16..23 -> E
 1792                   
 1793 E760  06 00       	LD B,0
 1794 E762  CB 18       	RR B		; carry -> bit 7
 1795 E764  3A E7AB     	LD A,(CURSEC)
 1796 E767  3D          	DEC A		; phys sect. starts wird 1
 1797 E768  B0          	OR B
 1798 E769  47          	LD B,A		; LBA8..15 -> B
 1799                   
Z80ASM SuperFast Relocating Macro Assembler     	    Z80ASM 1.32 Page  35
NBIOS11 Z80

 1800 E76A  21 FC00     	LD HL,PHSBUF
 1801                   
 1802                   	;LD D,'W'
 1803                   	;CALL DEBIDE	; debug output
 1804                   
 1805 E76D  CD F02D     	CALL MIDEWR	; write sector to CD/IDE
 1806 E770  E6 01       	AND 01h
 1807 E772  C9          	RET
 1808                   
 1809                   	ENDIF
 1810                   
 1811                   ;-----------------------------------------------------------------------------
 1812                   
 1813                   ; Addresses of IDE-80 CF-Adapter card
 1814                   
 1815         0018      IDEDATA	EQU 018h	; IDE Data Register
 1816         001A      SECCND	EQU 01Ah	; Sector Count Register
 1817         001B      LBA7	EQU 01Bh	; LBA Bits 0-7
 1818         001C      LBA15	EQU 01Ch	; LBA Bits 8-15
 1819         001D      LBA23	EQU 01Dh	; LBA Bits 16-23
 1820         001E      IDEHEAD	EQU 01Eh	; IDE Drive Head Register
 1821         001F      IDESTAT	EQU 01Fh	; IDE Command/Status Register
 1822                   
 1823                   ; IDE/CF physical format: 
 1824                   ; 4 partitions
 1825                   ; 8192 KB bytes/partition 
 1826                   ; 128 bytes/sector
 1827                   ; 256 sectors/track
 1828                   ; 256 tracks
 1829                   ; 128 * 256 * 256 / 1024 = 8192
 1830                   
 1831                   ; old (2048K):
 1832                   ; LBA
 1833                   ; 00000000 00000000 00000000
 1834                   ; 00000000 tttttttt ssssssdd
 1835                   ;        E        B        C
 1836                   
 1837                   ; NEWIDE (8192K):
 1838                   ; LBA
 1839                   ; 00000000 00000000 00000000
 1840                   ; 000000dd tttttttt ssssssss
 1841                   ;        E        B        C
 1842                   
 1843                   ;-----------------------------------------------------------------------------
 1844                   ; Read one 256 byte sector from disk.
 1845                   ; Return a 00h in A if the operation completes properly, and 01h if an error occurs during the read.
 1846                   ; Disk number in DBANK  (4..7)
 1847                   ; Track number in IOT
 1848                   ; Sector number in IOS
 1849                   ; DMA address in IOD
 1850                   
 1851         0000      	IF NOT NEWIDE
 1852                   
 1853                   IDERD:	LD HL,PHSBUF
 1854                   
 1855                   	; LBA0..7 -> C
 1856                   	LD A,(IOS)
 1857                   	SLA A		; make room for 4 disks (0 to 3, 2 bits)
Z80ASM SuperFast Relocating Macro Assembler     	    Z80ASM 1.32 Page  36
NBIOS11 Z80

 1858                   	SLA A
 1859                   	LD B,A
 1860                   	LD A,(DBANK)
 1861                   	SUB A,4
 1862                   	OR B
 1863                   	LD C,A		; C = sector * 4 + (diskno - 4)
 1864                   
 1865                   	; LBA8..15 -> B
 1866                   	LD A,(IOT)
 1867                   	LD B,A
 1868                   	
 1869                   	; LBA16..23) -> E
 1870                   	LD E,0
 1871                   
 1872                   	CALL MIDERD
 1873                   
 1874                   	PUSH AF
 1875                   	LD C,'*'
 1876                   	CALL MCONOUT
 1877                   	LD C,'R'
 1878                   	CALL MCONOUT
 1879                   	CALL DEBX16
 1880                   	LD C,'*'
 1881                   	CALL MCONOUT
 1882                   	POP AF
 1883                   
 1884                   	AND 01H
 1885                   	RET NZ		; -> exit with error
 1886                   			
 1887                   	LD HL,(IOD)	; memory location to place data read from disk
 1888                   	LD DE,PHSBUF	; host buffer
 1889                   
 1890                   	LD B,128	; size of CP/M sector
 1891                   IDERD6:	LD A,(DE)	; get byte from host buffer
 1892                   	LD (HL),A	; put in memory
 1893                   	INC HL
 1894                   	INC DE
 1895                   	DJNZ IDERD6	; put 128 bytes into memory
 1896                   
 1897                   	; no error
 1898                   	XOR A
 1899                   	RET
 1900                   
 1901                   	ENDIF		; NEWIDE
 1902                   	
 1903                   ;-----------------------------------------------------------------------------
 1904                   ; Write one 26 byte sector to IDE
 1905                   ; Return a 00h in register A if the operation completes properly, and 0lh if an error occurs during the read or write
 1906                   ; Disk number in DBANK (4..7)
 1907                   ; Track number in IOT (0..n-1)
 1908                   ; Sector number in IOS (0..n-1)
 1909                   ; DMA address in IOD (0-65535)
 1910                   
 1911         0000      	IF NOT NEWIDE
 1912                   
 1913                   IDEWR:	LD HL,(IOD)	; memory location of data to write
 1914                   	LD DE,PHSBUF	; host buffer
 1915                   	LD B,128	; size of CP/M sector
Z80ASM SuperFast Relocating Macro Assembler     	    Z80ASM 1.32 Page  37
NBIOS11 Z80

 1916                   
 1917                   IDEWR1:	LD A,(HL)	; get byte from memory
 1918                   	LD (DE),A	; put in host buffer
 1919                   	INC HL
 1920                   	INC DE
 1921                   	DJNZ IDEWR1	; put 128 bytes in host buffer
 1922                   
 1923                   	LD HL,PHSBUF
 1924                   
 1925                   	; LBA0..7 -> C
 1926                   	LD A,(IOS)
 1927                   	SLA A		; make room for 4 disks (0 to 3, 2 bits)
 1928                   	SLA A
 1929                   	LD B,A
 1930                   	LD A,(DBANK)
 1931                   	SUB A,4
 1932                   	OR B
 1933                   	LD C,A		; C = sector * 4 + (diskno - 4)
 1934                   	
 1935                   	; LBA8..15 -> B
 1936                   	LD A,(IOT)
 1937                   	LD B,A
 1938                   	
 1939                   	; LBA16..23) -> E
 1940                   	LD E,0
 1941                   
 1942                   	CALL MIDEWR
 1943                   
 1944                   	; status in A
 1945                   	AND 01h		; error flag
 1946                   	RET
 1947                   
 1948                   	ENDIF		; NEWIDE
 1949                   	
 1950                   ;-----------------------------------------------------------------------------
 1951                   ; Delay loop 40ms..10ms (???)
 1952                   
 1953         0000      	IF FALSE
 1954                   
 1955                   DELAY:	PUSH BC
 1956                   	;LD BC,0D05H
 1957                   	LD BC,2000H
 1958                   
 1959                   DELAY1:	DEC BC
 1960                   	LD A,C
 1961                   	OR B
 1962                   	JP NZ,DELAY1
 1963                   	
 1964                   	POP BC
 1965                   	RET
 1966                   	
 1967                   	ENDIF
 1968                   
 1969                   ;------------------------------------------------------------------------------
 1970                   ; Patch BDOS close function
 1971                   
 1972         0000      	IF FALSE
 1973                   
Z80ASM SuperFast Relocating Macro Assembler     	    Z80ASM 1.32 Page  38
NBIOS11 Z80

 1974                   PATFADR	EQU BDOSADR + 0CA8H
 1975                   
 1976                   PATF:	LD IX,PATFADR
 1977                   	LD A,(IX)
 1978                   	CP 0C3h		; Z80 JP
 1979                   	JR NZ,PATF1	; -> patch data does not match, do not patch
 1980                   
 1981                   	LD A,LOW FLUSH
 1982                   	LD (IX+1),A
 1983                   	LD A,HIGH FLUSH
 1984                   	LD (IX+2),A
 1985                   	
 1986                   PATF1:	RET
 1987                   
 1988                   	ENDIF
 1989                   
 1990                   ;------------------------------------------------------------------------------
 1991                   ; Patch BDOS drive initialisation
 1992                   
 1993         E08C      PATAADR	EQU BDOSADR + 0C8CH
 1994                   ;BDPADR	EQU	0E043h
 1995 E773  0000        BDACT	DW 0			; BDOS active drive address
 1996                   
 1997 E775  DD 21 E08C  PATA:	LD IX,PATAADR
 1998 E779  DD 7E 00    	LD A,(IX)
 1999 E77C  FE AF       	CP 0AFh			; Z80 XOR A
 2000 E77E  20 25       	JR NZ,PATA1		; -> patch data does not match, do not patch
 2001                   	
 2002 E780  DD 7E 01    	LD A,(IX+1)
 2003 E783  FE 32       	CP 032h			; Z80 LD (abs),A
 2004 E785  20 1E       	JR NZ,PATA1		; -> patch data does not match, do not patch
 2005                   
 2006 E787  DD 7E 02    	LD A,(IX+2)
 2007 E78A  6F          	LD L,A
 2008 E78B  DD 7E 03    	LD A,(IX+3)
 2009 E78E  67          	LD H,A
 2010 E78F  22 E773     	LD (BDACT),HL
 2011                   
 2012 E792  DD 36 01 CD 	LD (IX+1),0CDh		; Z80 CALL
 2013 E796  DD 36 02 9E 	LD (IX+2),LOW PATACL
 2014 E79A  DD 36 03 E7 	LD (IX+3),HIGH PATACL
 2015                   
 2016                   	;LD C,'+'
 2017                   	;CALL MCONOUT
 2018                   
 2019                   	;---------------------------------------------------------------------
 2020                   	; BDOS patch: init BDOS active drive
 2021                   
 2022 E79E  2A E773     PATACL:	LD HL,(BDACT)
 2023 E7A1  3E 00       	LD A,BTDRV
 2024 E7A3  77          	LD (HL),A
 2025                   
 2026                   	;PUSH BC
 2027                   	;LD C,'!'
 2028                   	;CALL MCONOUT
 2029                   	;LD A,(ACTIVE)
 2030                   	;ADD '0'
 2031                   	;LD C,A
Z80ASM SuperFast Relocating Macro Assembler     	    Z80ASM 1.32 Page  39
NBIOS11 Z80

 2032                   	;CALL MCONOUT
 2033                   	;POP BC
 2034 E7A4  C9          	RET
 2035                   
 2036 E7A5              PATA1:	;LD C,'-'
 2037                   	;CALL MCONOUT
 2038 E7A5  C9          	RET
 2039                   
 2040                   ;-----------------------------------------------------------------------------
 2041                   
 2042         0000      	IF FALSE
 2043                   
 2044                   PADBADR	EQU 0D75BH
 2045                   
 2046                   PATB:	LD IX,PADBADR
 2047                   	LD A,(IX)
 2048                   	CP 03Ah			; Z80 LD A,(abs)
 2049                   	JP NZ,PATB1		; -> patch data does not match, do not patch
 2050                   
 2051                   	LD (IX+0),0CDh		; Z80 CALL
 2052                   	LD (IX+1),LOW PATBCL
 2053                   	LD (IX+2),HIGH PATBCL
 2054                   
 2055                   	LD C,'*'
 2056                   	CALL MCONOUT
 2057                   
 2058                   	;---------------------------------------------------------------------
 2059                   	; BDOS patch
 2060                   
 2061                   ACTIVE	EQU 0D744h
 2062                   
 2063                   PATBCL:	LD C,'X'
 2064                   	CALL MCONOUT
 2065                   	LD A,(ACTIVE)	
 2066                   	PUSH AF
 2067                   	ADD A,'0'
 2068                   	LD C,A
 2069                   	CALL MCONOUT
 2070                   	POP AF
 2071                   	RET
 2072                   
 2073                   PATB1:LD C,'-'
 2074                   	CALL MCONOUT
 2075                   	RET
 2076                   
 2077                   	ENDIF		; FALSE
 2078                   
 2079                   ;=============================================================================
 2080                   ; Debuging routines
 2081                   
 2082                   ;-----------------------------------------------------------------------------
 2083                   ; Debug Read/Write physical sector
 2084                   ; B=1: read, B=2: write
 2085                   
 2086         0000      	IF DEBOUT
 2087                   
 2088                   DEBPHY:	LD A,(DEBACT)
 2089                   	AND A,01H
Z80ASM SuperFast Relocating Macro Assembler     	    Z80ASM 1.32 Page  40
NBIOS11 Z80

 2090                   	RET Z
 2091                   
 2092                   	PUSH BC
 2093                   	PUSH HL
 2094                   	LD L,C		; save drive code
 2095                   	
 2096                   	LD C,'['
 2097                   	CALL MCONOUT
 2098                   	LD C,'P'
 2099                   	CALL MCONOUT
 2100                   	
 2101                   	LD A,B
 2102                   	;PUSH AF
 2103                   	CP 1		; read
 2104                   	JR NZ,DEBPH1	; -> write
 2105                   
 2106                   	; read
 2107                   	LD C,'R'
 2108                   	JR DEBPH2
 2109                   
 2110                   DEBPH1:	; write
 2111                   	LD C,'W'
 2112                   
 2113                   DEBPH2:	CALL MCONOUT
 2114                   
 2115                   	LD C,','
 2116                   	CALL MCONOUT
 2117                   
 2118                   	; drive code in L
 2119                   	LD A,L
 2120                   	AND 10001111B
 2121                   	;LD H,0
 2122                   	CALL DEBX8
 2123                   
 2124                   	LD C,','
 2125                   	CALL MCONOUT
 2126                   
 2127                   	; track
 2128                   	LD A,D
 2129                   	CALL DEBX8
 2130                   
 2131                   	LD C,','
 2132                   	CALL MCONOUT
 2133                   
 2134                   	; sector
 2135                   	LD A,E
 2136                   	CALL DEBX8
 2137                   
 2138                   	LD C,']'
 2139                   	CALL MCONOUT
 2140                   
 2141                   	;POP AF
 2142                   	;CP 1		; read
 2143                   	;JR NZ,DEBPH3	; -> write
 2144                   
 2145                   	; read
 2146                   	CALL DEBLK
 2147                   
Z80ASM SuperFast Relocating Macro Assembler     	    Z80ASM 1.32 Page  41
NBIOS11 Z80

 2148                   DEBPH3:	POP HL
 2149                   	POP BC
 2150                   	RET
 2151                   
 2152                   	ENDIF
 2153                   
 2154                   ;-----------------------------------------------------------------------------
 2155                   
 2156         0000      	IF DEBOUT
 2157                   
 2158                   DEBLK:	PUSH DE
 2159                   
 2160                   	LD C,'<'
 2161                   	CALL MCONOUT
 2162                   
 2163                   	LD HL,PHSBUF
 2164                   	LD B,8
 2165                   
 2166                   DEBLK1:	; loop B=8..1
 2167                   	LD A,(HL)
 2168                   	CALL DEBX8
 2169                   	LD C,'-'
 2170                   	CALL MCONOUT
 2171                   
 2172                   	INC HL
 2173                   	LD A,(HL)
 2174                   	CALL DEBX8
 2175                   	LD C,'-'
 2176                   	CALL MCONOUT
 2177                   	
 2178                   	INC HL
 2179                   	LD A,(HL)
 2180                   	CALL DEBX8
 2181                   	LD C,','
 2182                   	CALL MCONOUT
 2183                   
 2184                   	DEC HL
 2185                   	DEC HL
 2186                   	LD DE,80H
 2187                   	ADD HL,DE
 2188                   	DJNZ DEBLK1
 2189                   	
 2190                   	LD C,'>'
 2191                   	CALL MCONOUT
 2192                   
 2193                   	POP DE
 2194                   	
 2195                   	RET
 2196                   
 2197                   	ENDIF
 2198                   
 2199                   ;-----------------------------------------------------------------------------
 2200                   ; Debug output (DBANK) (READ/WRITE)
 2201                   
 2202         0000      	IF FALSE
 2203                   
 2204                   DEBDRV:	PUSH BC
 2205                   
Z80ASM SuperFast Relocating Macro Assembler     	    Z80ASM 1.32 Page  42
NBIOS11 Z80

 2206                   	PUSH HL
 2207                   
 2208                   	LD C,'['
 2209                   	CALL MCONOUT
 2210                   	LD C,'F'
 2211                   	CALL MCONOUT
 2212                   	LD A,(DBANK)
 2213                   	LD L,A
 2214                   	CALL DEBDEC
 2215                   	LD H,0
 2216                   	
 2217                   	LD C,','
 2218                   	CALL MCONOUT
 2219                   	POP HL
 2220                   	CALL DEBDEC
 2221                   	LD C,']'
 2222                   	CALL MCONOUT
 2223                   
 2224                   	POP BC
 2225                   	RET
 2226                   
 2227                   	ENDIF
 2228                   
 2229                   ;-----------------------------------------------------------------------------
 2230                   ; Debug SELDRV
 2231                   
 2232         0000      	IF FALSE
 2233                   
 2234                   DEBSEL:	PUSH BC
 2235                   
 2236                   	PUSH HL
 2237                   
 2238                   	LD C,'['
 2239                   	CALL MCONOUT
 2240                   	LD C,'S'
 2241                   	CALL MCONOUT
 2242                   	LD A,(DBANK)
 2243                   	LD L,A
 2244                   	LD H,0
 2245                   	CALL DEBDEC
 2246                   	
 2247                   	LD C,','
 2248                   	CALL MCONOUT
 2249                   	POP HL
 2250                   	CALL DEBDEC
 2251                   	LD C,']'
 2252                   	CALL MCONOUT
 2253                   
 2254                   	POP BC
 2255                   	RET
 2256                   
 2257                   	ENDIF
 2258                   
 2259                   ;-----------------------------------------------------------------------------
 2260                   ; Display drive, track, sector E,B,C
 2261                   ; D = read, write
 2262                   
 2263         0000      	IF FALSE
Z80ASM SuperFast Relocating Macro Assembler     	    Z80ASM 1.32 Page  43
NBIOS11 Z80

 2264                   
 2265                   DEBIDE:	;LD A,(DEBACT)
 2266                   	;AND A,01H
 2267                   	;RET Z
 2268                   
 2269                   	PUSH HL
 2270                   	PUSH BC
 2271                   	PUSH DE
 2272                   
 2273                   	LD L,D		; save D in L (read/write)
 2274                   	LD D,C		; save C in D (sector)
 2275                   
 2276                   	LD C,'['
 2277                   	CALL MCONOUT
 2278                   
 2279                   	; Read / Write
 2280                   	LD C,L
 2281                   	CALL MCONOUT
 2282                   
 2283                   	; drive
 2284                   	LD A,E
 2285                   	CALL DEBX8
 2286                   
 2287                   	LD C,' '
 2288                   	CALL MCONOUT
 2289                   
 2290                   	; sectors
 2291                   	LD A,B
 2292                   	CALL DEBX8
 2293                   	
 2294                   	LD C,' '
 2295                   	CALL MCONOUT
 2296                   
 2297                   	; tracks
 2298                   	LD A,D		; saved sector in D
 2299                   	CALL DEBX8
 2300                   
 2301                   	LD C,']'
 2302                   	CALL MCONOUT
 2303                   	LD C,CR
 2304                   	CALL MCONOUT
 2305                   	LD C,LF
 2306                   	CALL MCONOUT
 2307                   
 2308                   	POP DE
 2309                   	POP BC
 2310                   	POP HL
 2311                   	RET
 2312                   
 2313                   	ENDIF
 2314                   
 2315                   ;-----------------------------------------------------------------------------
 2316                   ; debug BDOS buffer, first 3 characters
 2317                   ; pointer in DMA, A=0: read, A=1: write
 2318                   
 2319         0000      	IF FALSE
 2320                   
 2321                   DEBBUF:	PUSH HL
Z80ASM SuperFast Relocating Macro Assembler     	    Z80ASM 1.32 Page  44
NBIOS11 Z80

 2322                   	PUSH BC
 2323                   
 2324                   	LD B,A		; read / write
 2325                   	
 2326                   	LD A,(DEBACT)
 2327                   	AND A,01H
 2328                   	JR Z,DEBBU3
 2329                   
 2330                   	LD C,'['
 2331                   	CALL MCONOUT
 2332                   	
 2333                   	LD A,B		; read/write
 2334                   	CP A,1		; -> write
 2335                   	JP NZ,DEBBU1
 2336                   	
 2337                   	; read
 2338                   	LD C,'R'
 2339                   	JR DEBBU2
 2340                   
 2341                   DEBBU1:	; write
 2342                   	LD C,'W'
 2343                   
 2344                   DEBBU2:	CALL MCONOUT
 2345                   	LD C,','
 2346                   	CALL MCONOUT
 2347                   	
 2348                   	LD HL,(IOD)
 2349                   	
 2350                   	LD A,(HL)
 2351                   	CALL DEBX8	
 2352                   	LD C,','
 2353                   	CALL MCONOUT
 2354                   
 2355                   	INC HL
 2356                   	LD A,(HL)
 2357                   	CALL DEBX8	
 2358                   	LD C,','
 2359                   	CALL MCONOUT
 2360                   
 2361                   	INC HL
 2362                   	LD A,(HL)
 2363                   	CALL DEBX8	
 2364                   
 2365                   	LD C,']'
 2366                   	CALL MCONOUT
 2367                   
 2368                   DEBBU3:	POP BC
 2369                   	POP HL
 2370                   	RET
 2371                   
 2372                   	ENDIF
 2373                   
 2374                   ;=============================================================================
 2375                   ; Debug outputs
 2376                   
 2377         0000      	IF DEBOUT
 2378                   
 2379                   ;-----------------------------------------------------------------------------
Z80ASM SuperFast Relocating Macro Assembler     	    Z80ASM 1.32 Page  45
NBIOS11 Z80

 2380                   ; Display value in HL as decimal
 2381                   
 2382                   DEBDEC:	PUSH AF
 2383                   	PUSH BC
 2384                   
 2385                   	LD BC,-10000	; 1. Zehnerpotenz: Zehntausender
 2386                   	CALL DEBDE1
 2387                   	LD BC,-1000	; 2. Zehnerpotenz: Tausender
 2388                   	CALL DEBDE1
 2389                   	LD BC,-100	; 3. Zehnerpotenz: Hunderter
 2390                   	CALL DEBDE1
 2391                   	LD BC,-10	; 4. Zehnerpotenz: Zehner
 2392                   	CALL DEBDE1
 2393                   	LD C,-1		; 5. Zehnerpotenz: Einer (immer ausgeben)
 2394                   	CALL DEBDE1
 2395                   	
 2396                   	POP BC
 2397                   	POP AF
 2398                   	RET
 2399                   
 2400                   
 2401                   DEBDE1:	LD A,'0' - 1	; Startwert fuer ASCII-Zeichen ('0' minus 1)
 2402                   
 2403                   DEBDE2:	INC A		; Zeichen um 1 erhoehen (ASCII-Code weiterzaehlen)
 2404                   	ADD HL,BC	; Zehnerpotenz abziehen
 2405                   	JR C,DEBDE2	; Wenn kein Uebertrag (Zahl war groesser), weiter abziehen
 2406                   
 2407                   	SBC HL,BC	; Uebertrag korrigieren (zu viel abgezogen, also wieder drauf)
 2408                       
 2409                   	; Das Zeichen (ASCII-Code) befindet sich jetzt im Akkumulator (A).
 2410                   	;PUSH BC	; Register sichern
 2411                   	;PUSH HL
 2412                   	LD C,A		; character to print
 2413                   	CALL MCONOUT	; uses A
 2414                   	;POP HL
 2415                   	;POP BC
 2416                   	RET
 2417                   
 2418                   ;-----------------------------------------------------------------------------
 2419                   ; Output HL as 4-digit hex string
 2420                   
 2421                   DEBX16:	PUSH AF
 2422                   
 2423                   	LD A,H
 2424                   	CALL DEBX8
 2425                   	LD A,L
 2426                   	CALL DEBX8
 2427                   	
 2428                   	POP AF
 2429                   	RET
 2430                   
 2431                   ;-----------------------------------------------------------------------------
 2432                   ; Output A as 2-digit hex string
 2433                   
 2434                   DEBX8:	PUSH AF
 2435                   	PUSH BC
 2436                   
 2437                   	PUSH AF
Z80ASM SuperFast Relocating Macro Assembler     	    Z80ASM 1.32 Page  46
NBIOS11 Z80

 2438                   	SRL A
 2439                   	SRL A
 2440                   	SRL A
 2441                   	SRL A
 2442                   	CALL DEBXN
 2443                   	POP AF
 2444                   	CALL DEBXN
 2445                   
 2446                   	POP BC
 2447                   	POP AF
 2448                   	RET
 2449                   
 2450                   ;-----------------------------------------------------------------------------
 2451                   ; Output low-nibble in A 1-digit hex string
 2452                   
 2453                   DEBXN:	AND 0Fh
 2454                   	CP 0Ah
 2455                   	JR C,DEBXN1
 2456                   	
 2457                   	ADD A,'A'-10
 2458                   	JR DEBXN2
 2459                   
 2460                   DEBXN1:	ADD A,'0'
 2461                   
 2462                   DEBXN2:	LD C,A
 2463                   	JP MCONOUT
 2464                   
 2465                   ;-----------------------------------------------------------------------------
 2466                   
 2467                   	ENDIF	; DEBOUT
 2468                   
 2469                   ;=============================================================================
 2470                   
 2471                   ; BIOS data area
 2472                   
 2473 E7A6  00          BUFCHG:	DB 0		; flag if PHSBUF is changed
 2474 E7A7  FF          CURDRV:	DB 0FFH		; DRIVE das geladen ist
 2475 E7A8  0000        CURDPB:	DW 0		; current disk parameter block
 2476 E7AA  00          CURTRK:	DB 0		; TRACK 
 2477 E7AB  00          CURSEC:	DB 0		; SEKTOR
 2478 E7AC  00          ISDIR:	DB 0		; 1 = is directory write
 2479                   
 2480 E7AD  00          DBANK:	DB 0		; selected disk
 2481                   ;IOPB:	DW 1		; address of DPB of selected disk
 2482 E7AE  04          IOT:	DB 4		; track number (offset des boot laufwerks)
 2483 E7AF  01          IOS:	DB 1		; NUMMER DES GEWUENSCHTEN SEKTORS
 2484 E7B0  0080        IOD:	DW BUFF		; DMA-ADRESSE
 2485                   	
 2486                   	; deblocking parameters for current drive
 2487 E7B2  01          BLPOW:	DB 1		; power (shift) value
 2488 E7B3  01          BLMSK:	DB 1		; sector mask (modulo value)
 2489 E7B4  01          BLREG:	DB 1		; density/datarate bits for special FLO register (FLO+4)
 2490 E7B5  01          ISIDE	DB 1
 2491                   
 2492                   	; phys. parameters of current drive
 2493 E7B6  0000        PHYBYTS: DW 0		; bytes/sectors (1..n)
 2494 E7B8  00          PHYSECS: DB 0		; highest sectors/track (0..n-1)
 2495 E7B9  00          PHYTRKS: DB 0		; highest tracks per side (0..n-1)
Z80ASM SuperFast Relocating Macro Assembler     	    Z80ASM 1.32 Page  47
NBIOS11 Z80

 2496 E7BA  00          PHYSIDS: DB 0		; sides (1..n)
 2497                   
 2498         0000      	IF DEBOUT
 2499                   DEBACT:	DB 0
 2500                   	ENDIF
 2501                   
 2502                   	; floppy data area
 2503                   
 2504         E7BB      BEGDAT	EQU	$
 2505 E7BB    0080      DIRBUF:	DS	128	;DIRECTORY ACCESS BUFFER
 2506                   
 2507         FFFF      	IF DG_NEW
 2508                   
 2509                   	$INCLUDE NBIOS11.ALV
    1                   ; ndiskdef NBIOS11.ALV created 03.10.26 18:16 by NDiskDef 1.0
    2                   ; drive0
    3 E83B    0040      ALV0:	DS 64
    4 E87B    0040      CSV0:	DS 64
    5                   
    6                   ; drive1
    7 E8BB    0040      ALV1:	DS 64
    8 E8FB    0040      CSV1:	DS 64
    9                   
   10                   ; drive2
   11 E93B    0040      ALV2:	DS 64
   12 E97B    0040      CSV2:	DS 64
   13                   
   14                   ; drive3
   15 E9BB    0040      ALV3:	DS 64
   16 E9FB    0040      CSV3:	DS 64
   17                   
   18                   ; drive4
   19 EA3B    0080      ALV4:	DS 128
   20 EABB    0000      CSV4:	DS 0
   21                   
   22                   ; drive5
   23 EABB    0080      ALV5:	DS 128
   24 EB3B    0000      CSV5:	DS 0
   25                   
   26                   ; drive6
   27 EB3B    0080      ALV6:	DS 128
   28 EBBB    0000      CSV6:	DS 0
   29                   
   30                   ; drive7
   31 EBBB    0080      ALV7:	DS 128
   32 EC3B    0000      CSV7:	DS 0
   33                   
   34                   ; end of NBIOS11.ALV
 2510                   
 2511                   	ELSE	; DG_NEW
 2512                   
 2513                   	; drive 0
 2514                   
 2515                   ALV0:	DS	49
 2516                   CSV0:	DS	64
 2517                   
 2518                   	; drive 1
 2519                   
Z80ASM SuperFast Relocating Macro Assembler     	    Z80ASM 1.32 Page  48
NBIOS11 Z80

 2520                   	IF DG_B800
 2521                   ALV1:	DS	49
 2522                   CSV1:	DS	64
 2523                   	ENDIF
 2524                   
 2525                   	IF DG_B144
 2526                   ALV1:	DS	45	; PRUEFEN !!!
 2527                   CSV1:	DS	64
 2528                   	ENDIF
 2529                   
 2530                   	IF DG_B14
 2531                   ALV1:	DS	45	; PRUEFEN !!!
 2532                   CSV1:	DS	64
 2533                   	ENDIF
 2534                   	
 2535                   	IF DG_B12
 2536                   ALV1:	DS	45	; PRUEFEN !!!
 2537                   CSV1:	DS	64
 2538                   	ENDIF
 2539                   
 2540                   	; drive 2
 2541                   
 2542                   	IF DG_C800
 2543                   ALV2:	DS	49
 2544                   CSV2:	DS	64
 2545                   	ENDIF
 2546                   
 2547                   	IF DG_C14
 2548                   ALV2:	DS	45	; PRUEFEN !!!
 2549                   CSV2:	DS	64
 2550                   	ENDIF
 2551                   	
 2552                   	IF DG_C12
 2553                   ALV2:	DS	45	; PRUEFEN !!!
 2554                   CSV2:	DS	64
 2555                   	ENDIF
 2556                   	
 2557                   	; drive 3
 2558                   
 2559                   	IF DG_D800
 2560                   ALV3:	DS	49
 2561                   CSV3:	DS	64
 2562                   	ENDIF
 2563                   
 2564                   	IF DG_D144
 2565                   ALV3:	DS	45
 2566                   CSV3:	DS	64
 2567                   	ENDIF
 2568                   
 2569                   	IF DG_D14
 2570                   ALV3:	DS	45	; PRUEFEN !!!
 2571                   CSV3:	DS	64
 2572                   	ENDIF
 2573                   	
 2574                   	IF DG_D12
 2575                   ALV3:	DS	37	; PRUEFEN !!!
 2576                   CSV3:	DS	64
 2577                   	ENDIF
Z80ASM SuperFast Relocating Macro Assembler     	    Z80ASM 1.32 Page  49
NBIOS11 Z80

 2578                   
 2579                   	IF DG_DIBM
 2580                   ALV3:	DS	31
 2581                   CSV3:	DS	16
 2582                   	ENDIF
 2583                   
 2584                   	; drive 4,5,6,7
 2585                   
 2586                   	IF NOT NEWIDE
 2587                   ALV4:	DS	64	; size of each must be (DSM/8)+1
 2588                   CSV4:	DS	0
 2589                   ALV5:	DS	64
 2590                   CSV5:	DS	0
 2591                   ALV6:	DS	64
 2592                   CSV6:	DS	0
 2593                   ALV7:	DS	64
 2594                   CSV7:	DS	0
 2595                   	ELSE
 2596                   ALV4:	DS	128	; size of each must be (DSM/8)+1
 2597                   CSV4:	DS	0
 2598                   ALV5:	DS	128
 2599                   CSV5:	DS	0
 2600                   ALV6:	DS	128
 2601                   CSV6:	DS	0
 2602                   ALV7:	DS	128
 2603                   CSV7:	DS	0
 2604                   	ENDIF
 2605                   
 2606                   	ENDIF	; DG_NEW
 2607                   	
 2608         EC3B      ENDDAT	EQU	$
 2609         0480      DATSIZ	EQU	$-BEGDAT
 2610                   
 2611 EC3B              ENDBIOS:
 2612                   
 2613         0A3B      SIZE	EQU ENDBIOS-STARTBIOS
 2614                   
 2615                   	END
 0 Error(s) Detected.
 2619 Absolute Bytes. 194 Symbols Detected.
	DS	64
 2590                   CSV5:	DS	0
 2591                   ALV6:	DS	64
 2592           